# v2.2 | 20260226 | BIM Template mr_schedules
Source_File,Discipline,Schedule_Name,Category,Schedule_Type,Multi_Categories,Fields,Filters,Sorting,Grouping,Totals,Formulas,Header_Color,Text_Color,Background_Color
ARCH_Regulatory,Architecture,Accessibility Schedule,Rooms,,,"ASS_ID_TXT, ASS_LOC_TXT, ASS_TAG_1_TXT, PRJ_COMMENTS_TXT",Level: (not equals) <None>,Level: Ascending; Number: Ascending,Level,,"ASS_ID_TXT=Mark, ASS_LOC_TXT=Level, ASS_TAG_1_TXT=Type Mark, PRJ_COMMENTS_TXT=Comments",,,
ARCH_Comprehensive,Architecture,Accessibility Schedule,Rooms,,,"ASS_ID_TXT, ASS_LOC_TXT, ASS_TAG_1_TXT, PRJ_COMMENTS_TXT",Level: (not equals) <None>,Level: Ascending; Number: Ascending,Level,,"ASS_ID_TXT=Mark, ASS_LOC_TXT=Level, ASS_TAG_1_TXT=Type Mark, PRJ_COMMENTS_TXT=Comments",,,
ARCH_Regulatory,Architecture,Acoustic Schedule,Rooms,,,"ASS_ID_TXT, ASS_LOC_TXT, ASS_RM_COD_TXT, ASS_TAG_1_TXT, PRJ_COMMENTS_TXT",Level: (not equals) <None>,Level: Ascending; Number: Ascending,Level,,"ASS_ID_TXT=Mark, ASS_LOC_TXT=Level, ASS_RM_COD_TXT=Number, ASS_TAG_1_TXT=Type Mark, PRJ_COMMENTS_TXT=Comments",,,
ARCH_Comprehensive,Architecture,Acoustic Schedule,Rooms,,,"ASS_ID_TXT, ASS_LOC_TXT, ASS_RM_COD_TXT, ASS_TAG_1_TXT, PRJ_COMMENTS_TXT",Level: (not equals) <None>,Level: Ascending; Number: Ascending,Level,,"ASS_ID_TXT=Mark, ASS_LOC_TXT=Level, ASS_RM_COD_TXT=Number, ASS_TAG_1_TXT=Type Mark, PRJ_COMMENTS_TXT=Comments",,,
ARCH_Construction,Architecture,Ass_Cat_Txt,Generic Models,,,ASS_DESCRIPTION_TXT,,Level: Ascending; Type Mark: Ascending,Level,,ASS_DESCRIPTION_TXT=Description,,,
ARCH_Comprehensive,Architecture,Ass_Cat_Txt,Generic Models,,,ASS_DEPARTMENT_ASSIGNMENT_TXT,,Level: Ascending; Type Mark: Ascending,Level,,ASS_DEPARTMENT_ASSIGNMENT_TXT=Department,,,
ARCH_Design,Architecture,Ass_Department_Assignment_Txt,Generic Models,,,ASS_MODEL_NR_TXT,,Level: Ascending; Type Mark: Ascending,Level,,ASS_MODEL_NR_TXT=Model,,,
ARCH_Regulatory,Architecture,Ass_Discipline_Cod_Txt,Generic Models,,,ASS_DISCIPLINE_COD_TXT,,Level: Ascending; Type Mark: Ascending,Level,,ASS_DISCIPLINE_COD_TXT=Discipline Code,,,
ARCH_Construction,Architecture,Asset Schedule,Generic Models,,,"ASS_ID_TXT, ASS_EQUIPMENT_TAG_TXT, ASS_DESCRIPTION_TXT, ASS_CAT_TXT, ASS_LOC_TXT, ASS_MANUFACTURER_TXT, ASS_MODEL_NR_TXT, ASS_SERIAL_NR_TXT, ASS_PART_NUMBER_TXT, ASS_INST_DATE_TXT, ASS_WARRANTY_PERIOD_TXT, ASS_WARRANTY_EXPIRATION_DATE_TXT, ASS_EXPECTED_LIFE_YEARS_YRS, ASS_MAINTENANCE_SCHEDULE_TXT, ASS_MAINTENANCE_FREQUENCY_MONTHS, ASS_CRITICALITY_RATING_NR, ASS_OANDM_MANUALS_PROVIDED_TXT, ASS_LOCAL_SERVICE_AVAILABLE_TXT, ASS_STATUS_TXT, PRJ_COMMENTS_TXT",,Level: Ascending; Type Mark: Ascending,Level,,"ASS_CAT_TXT=Category, ASS_DESCRIPTION_TXT=Description, ASS_EQUIPMENT_TAG_TXT=Mark, ASS_ID_TXT=Mark, ASS_LOC_TXT=Level, ASS_MANUFACTURER_TXT=Manufacturer, ASS_MODEL_NR_TXT=Model, ASS_PART_NUMBER_TXT=Part Number, ASS_SERIAL_NR_TXT=Serial Number, PRJ_COMMENTS_TXT=Comments",,,
ARCH_Comprehensive,Architecture,Asset Schedule,Generic Models,,,"ASS_CAT_TXT, ASS_DESCRIPTION_TXT, ASS_EQUIPMENT_TAG_TXT, ASS_ID_TXT, ASS_LOC_TXT, ASS_MANUFACTURER_TXT, ASS_MODEL_NR_TXT, ASS_PART_NUMBER_TXT, ASS_SERIAL_NR_TXT, PRJ_COMMENTS_TXT",,Level: Ascending; Type Mark: Ascending,Level,,"ASS_CAT_TXT=Category, ASS_DESCRIPTION_TXT=Description, ASS_EQUIPMENT_TAG_TXT=Mark, ASS_ID_TXT=Mark, ASS_LOC_TXT=Level, ASS_MANUFACTURER_TXT=Manufacturer, ASS_MODEL_NR_TXT=Model, ASS_PART_NUMBER_TXT=Part Number, ASS_SERIAL_NR_TXT=Serial Number, PRJ_COMMENTS_TXT=Comments",,,
ARCH_Comprehensive,Architecture,Ceiling Schedule,Ceilings,,,"ASS_ID_TXT, ASS_LVL_COD_TXT, ASS_MANUFACTURER_TXT, ASS_RM_COD_TXT, ASS_TAG_1_TXT, BLE_CEILING_HEIGHT_MM, BLE_ELE_AREA_SQ_M, FLS_PROT_FLS_RESISTANCE_RATING_MINUTES_MIN, PRJ_COMMENTS_TXT",,Level: Ascending; Type Mark: Ascending,Level,BLE_ELE_AREA_SQ_M: SUM,"ASS_ID_TXT=Mark, ASS_LVL_COD_TXT=Level, ASS_MANUFACTURER_TXT=Manufacturer, ASS_RM_COD_TXT=Number, ASS_TAG_1_TXT=Type Mark, BLE_CEILING_HEIGHT_MM=Height Offset From Level, BLE_ELE_AREA_SQ_M=Area, FLS_PROT_FLS_RESISTANCE_RATING_MINUTES_MIN=Fire Rating, PRJ_COMMENTS_TXT=Comments",,,
ARCH_Design,Architecture,Ceiling Schedule,Ceilings,,,"ASS_ID_TXT, ASS_LVL_COD_TXT, ASS_MANUFACTURER_TXT, ASS_RM_COD_TXT, ASS_TAG_1_TXT, BLE_CEILING_HEIGHT_MM, BLE_ELE_AREA_SQ_M, FLS_PROT_FLS_RESISTANCE_RATING_MINUTES_MIN, PRJ_COMMENTS_TXT",,Level: Ascending; Type Mark: Ascending,Level,BLE_ELE_AREA_SQ_M: SUM,"ASS_ID_TXT=Mark, ASS_LVL_COD_TXT=Level, ASS_MANUFACTURER_TXT=Manufacturer, ASS_RM_COD_TXT=Number, ASS_TAG_1_TXT=Type Mark, BLE_CEILING_HEIGHT_MM=Height Offset From Level, BLE_ELE_AREA_SQ_M=Area, FLS_PROT_FLS_RESISTANCE_RATING_MINUTES_MIN=Fire Rating, PRJ_COMMENTS_TXT=Comments",,,
ARCH_Construction,Architecture,Concrete Schedule,Structural Foundations,,,"ASS_ID_TXT, ASS_TAG_1_TXT, BLE_STRUCT_ELE_TYPE_TXT, ASS_LOC_TXT, PRJ_GRID_REF_TXT, CST_S_CON_TYPE_TXT, CST_S_CON_GRADE_TXT, CST_S_CON_STRENGTH_MPA, CST_S_CON_MIX_RATIO_TXT, CST_S_CON_VOLUME_CU_M, CST_S_CON_VOLUME_WASTAGE_CU_M, CST_S_CON_CEMENT_BAGS_NR, CST_S_CON_SAND_VOLUME_CU_M, CST_S_CON_AGGREGATE_VOLUME_CU_M, CST_S_CON_WTR_VOLUME_L, CST_S_CON_ADMIXTURE_TXT, CST_S_CON_SLUMP_MM, CST_S_CON_CURING_DAYS_NR, CST_S_CON_POUR_SEQUENCE_TXT, CST_S_CON_CST_TOTAL_UGX_NR, PRJ_COMMENTS_TXT",,Level: Ascending; Type Mark: Ascending,Level,,"ASS_ID_TXT=Mark, ASS_LOC_TXT=Level, ASS_TAG_1_TXT=Type Mark, BLE_STRUCT_ELE_TYPE_TXT=Type Name, PRJ_COMMENTS_TXT=Comments, PRJ_GRID_REF_TXT=Grid Reference",,,
ARCH_Comprehensive,Architecture,Concrete Schedule,Structural Foundations,,,"ASS_ID_TXT, ASS_LOC_TXT, ASS_TAG_1_TXT, BLE_STRUCT_ELE_TYPE_TXT, PRJ_COMMENTS_TXT, PRJ_GRID_REF_TXT",,Level: Ascending; Type Mark: Ascending,Level,,"ASS_ID_TXT=Mark, ASS_LOC_TXT=Level, ASS_TAG_1_TXT=Type Mark, BLE_STRUCT_ELE_TYPE_TXT=Type Name, PRJ_COMMENTS_TXT=Comments, PRJ_GRID_REF_TXT=Grid Reference",,,
ARCH_Construction,Architecture,Cost Schedule,Generic Models,,,"ASS_ID_TXT, ASS_DESCRIPTION_TXT, ASS_PMT_INV_UNIT_TXT, ASS_PMT_QTY_ORDERED_NR, ASS_PMT_CST_UNIT_RATE_UGX_NR, ASS_PMT_CST_MAT_CST_UGX_NR, ASS_PMT_CST_LABOUR_CST_UGX_NR, ASS_PMT_CST_TOTAL_CST_UGX_NR, ASS_CST_UNIT_PRICE_UGX_NR, ASS_CST_TOTAL_UGX_NR, ASS_CST_INSTALL_UGX_NR, ASS_CST_ANNUAL_MAINTENANCE_UGX_NR, ASS_CST_LIFECYCLE_UGX_NR, CST_ENERGY_ANNUAL_UGX_NUM_NR, PRJ_COMMENTS_TXT",,Level: Ascending; Type Mark: Ascending,Level,ASS_CST_UNIT_PRICE_UGX_NR: SUM,"ASS_CST_UNIT_PRICE_UGX_NR=Cost, ASS_DESCRIPTION_TXT=Description, ASS_ID_TXT=Mark, PRJ_COMMENTS_TXT=Comments",,,
ARCH_Comprehensive,Architecture,Cost Schedule,Generic Models,,,"ASS_CST_UNIT_PRICE_UGX_NR, ASS_DESCRIPTION_TXT, ASS_ID_TXT, PRJ_COMMENTS_TXT",,Level: Ascending; Type Mark: Ascending,Level,ASS_CST_UNIT_PRICE_UGX_NR: SUM,"ASS_CST_UNIT_PRICE_UGX_NR=Cost, ASS_DESCRIPTION_TXT=Description, ASS_ID_TXT=Mark, PRJ_COMMENTS_TXT=Comments",,,
ARCH_Comprehensive,Architecture,Door Schedule,Doors,,,"ASS_ID_TXT, ASS_LOC_TXT, ASS_LVL_COD_TXT, ASS_MANUFACTURER_TXT, ASS_MODEL_NR_TXT, ASS_RM_COD_TXT, ASS_TAG_1_TXT, BLE_DOOR_HEIGHT_MM, BLE_DOOR_WIDTH_MM, FLS_PROT_FLS_RESISTANCE_RATING_MINUTES_MIN, PRJ_COMMENTS_TXT",,Level: Ascending; Type Mark: Ascending,Level,,"ASS_ID_TXT=Mark, ASS_LOC_TXT=Level, ASS_LVL_COD_TXT=Level, ASS_MANUFACTURER_TXT=Manufacturer, ASS_MODEL_NR_TXT=Model, ASS_RM_COD_TXT=Number, ASS_TAG_1_TXT=Type Mark, BLE_DOOR_HEIGHT_MM=Height, BLE_DOOR_WIDTH_MM=Width, FLS_PROT_FLS_RESISTANCE_RATING_MINUTES_MIN=Fire Rating, PRJ_COMMENTS_TXT=Comments",,,
ARCH_Design,Architecture,Door Schedule,Doors,,,"ASS_ID_TXT, ASS_LOC_TXT, ASS_LVL_COD_TXT, ASS_MANUFACTURER_TXT, ASS_MODEL_NR_TXT, ASS_RM_COD_TXT, ASS_TAG_1_TXT, BLE_DOOR_HEIGHT_MM, BLE_DOOR_WIDTH_MM, FLS_PROT_FLS_RESISTANCE_RATING_MINUTES_MIN, PRJ_COMMENTS_TXT",,Level: Ascending; Type Mark: Ascending,Level,,"ASS_ID_TXT=Mark, ASS_LOC_TXT=Level, ASS_LVL_COD_TXT=Level, ASS_MANUFACTURER_TXT=Manufacturer, ASS_MODEL_NR_TXT=Model, ASS_RM_COD_TXT=Number, ASS_TAG_1_TXT=Type Mark, BLE_DOOR_HEIGHT_MM=Height, BLE_DOOR_WIDTH_MM=Width, FLS_PROT_FLS_RESISTANCE_RATING_MINUTES_MIN=Fire Rating, PRJ_COMMENTS_TXT=Comments",,,
ARCH_Construction,Architecture,Earthworks Schedule,Structural Foundations,,,"ASS_ID_TXT, ASS_TAG_1_TXT, ASS_LOC_TXT, PRJ_GRID_REF_TXT, CST_S_EAR_EXCAVATION_METHOD_TXT, CST_S_EAR_SOIL_TYPE_TXT, CST_S_EAR_EXCAVATION_DEPTH_M, CST_S_EAR_EXCAVATION_VOLUME_CU_M, CST_S_EAR_FILL_MAT_TXT, CST_S_EAR_BACKFILL_VOLUME_CU_M, CST_S_EAR_COMPACTION_NR, CST_S_EAR_HARDCORE_THICKNESS_MM, CST_S_EAR_HARDCORE_VOLUME_CU_M, CST_S_EAR_BLINDING_VOLUME_CU_M, CST_S_EAR_GEOTEXTILE_AREA_SQ_M, PRJ_COMMENTS_TXT",,Level: Ascending; Type Mark: Ascending,Level,,"ASS_ID_TXT=Mark, ASS_LOC_TXT=Level, ASS_TAG_1_TXT=Type Mark, PRJ_COMMENTS_TXT=Comments, PRJ_GRID_REF_TXT=Grid Reference",,,
ARCH_Comprehensive,Architecture,Earthworks Schedule,Structural Foundations,,,"ASS_ID_TXT, ASS_LOC_TXT, ASS_TAG_1_TXT, PRJ_COMMENTS_TXT, PRJ_GRID_REF_TXT",,Level: Ascending; Type Mark: Ascending,Level,,"ASS_ID_TXT=Mark, ASS_LOC_TXT=Level, ASS_TAG_1_TXT=Type Mark, PRJ_COMMENTS_TXT=Comments, PRJ_GRID_REF_TXT=Grid Reference",,,
ARCH_Regulatory,Architecture,Environmental Schedule,Rooms,,,"ASS_ID_TXT, ASS_LOC_TXT, PRJ_COMMENTS_TXT",Level: (not equals) <None>,Level: Ascending; Number: Ascending,Level,,"ASS_ID_TXT=Mark, ASS_LOC_TXT=Level, PRJ_COMMENTS_TXT=Comments",,,
ARCH_Comprehensive,Architecture,Environmental Schedule,Rooms,,,"ASS_ID_TXT, ASS_LOC_TXT, PRJ_COMMENTS_TXT",Level: (not equals) <None>,Level: Ascending; Number: Ascending,Level,,"ASS_ID_TXT=Mark, ASS_LOC_TXT=Level, PRJ_COMMENTS_TXT=Comments",,,
ARCH_Comprehensive,Architecture,Facade Schedule,Curtain Panels,,,"ASS_ID_TXT, ASS_LOC_TXT, ASS_MANUFACTURER_TXT, ASS_MODEL_NR_TXT, ASS_TAG_1_TXT, BLE_ELE_AREA_SQ_M, PRJ_COMMENTS_TXT",,Level: Ascending; Type Mark: Ascending,Level,BLE_ELE_AREA_SQ_M: SUM,"ASS_ID_TXT=Mark, ASS_LOC_TXT=Level, ASS_MANUFACTURER_TXT=Manufacturer, ASS_MODEL_NR_TXT=Model, ASS_TAG_1_TXT=Type Mark, BLE_ELE_AREA_SQ_M=Area, PRJ_COMMENTS_TXT=Comments",,,
ARCH_Design,Architecture,Facade Schedule,Curtain Panels,,,"ASS_ID_TXT, ASS_LOC_TXT, ASS_MANUFACTURER_TXT, ASS_MODEL_NR_TXT, ASS_TAG_1_TXT, BLE_ELE_AREA_SQ_M, PRJ_COMMENTS_TXT",,Level: Ascending; Type Mark: Ascending,Level,BLE_ELE_AREA_SQ_M: SUM,"ASS_ID_TXT=Mark, ASS_LOC_TXT=Level, ASS_MANUFACTURER_TXT=Manufacturer, ASS_MODEL_NR_TXT=Model, ASS_TAG_1_TXT=Type Mark, BLE_ELE_AREA_SQ_M=Area, PRJ_COMMENTS_TXT=Comments",,,
ARCH_Comprehensive,Architecture,Finish Schedule,Rooms,,,"ASS_ID_TXT, ASS_LOC_TXT, ASS_LVL_COD_TXT, ASS_MANUFACTURER_TXT, ASS_RM_COD_TXT, BLE_ELE_AREA_SQ_M, PRJ_COMMENTS_TXT",Level: (not equals) <None>,Level: Ascending; Number: Ascending,Level,BLE_ELE_AREA_SQ_M: SUM,"ASS_ID_TXT=Mark, ASS_LOC_TXT=Level, ASS_LVL_COD_TXT=Level, ASS_MANUFACTURER_TXT=Manufacturer, ASS_RM_COD_TXT=Number, BLE_ELE_AREA_SQ_M=Area, PRJ_COMMENTS_TXT=Comments",,,
ARCH_Design,Architecture,Finish Schedule,Rooms,,,"ASS_ID_TXT, ASS_LOC_TXT, ASS_LVL_COD_TXT, ASS_MANUFACTURER_TXT, ASS_RM_COD_TXT, BLE_ELE_AREA_SQ_M, PRJ_COMMENTS_TXT",Level: (not equals) <None>,Level: Ascending; Number: Ascending,Level,BLE_ELE_AREA_SQ_M: SUM,"ASS_ID_TXT=Mark, ASS_LOC_TXT=Level, ASS_LVL_COD_TXT=Level, ASS_MANUFACTURER_TXT=Manufacturer, ASS_RM_COD_TXT=Number, BLE_ELE_AREA_SQ_M=Area, PRJ_COMMENTS_TXT=Comments",,,
ARCH_Comprehensive,Architecture,Floor Schedule,Floors,,,"ASS_ID_TXT, ASS_LVL_COD_TXT, ASS_TAG_1_TXT, BLE_ELE_AREA_SQ_M, BLE_FLR_LVL_NR, BLE_FLR_THICKNESS_MM, FLS_PROT_FLS_RESISTANCE_RATING_MINUTES_MIN, PRJ_COMMENTS_TXT",,Level: Ascending; Type Mark: Ascending,Level,BLE_ELE_AREA_SQ_M: SUM,"ASS_ID_TXT=Mark, ASS_LVL_COD_TXT=Level, ASS_TAG_1_TXT=Type Mark, BLE_ELE_AREA_SQ_M=Area, BLE_FLR_LVL_NR=Level, BLE_FLR_THICKNESS_MM=Thickness, FLS_PROT_FLS_RESISTANCE_RATING_MINUTES_MIN=Fire Rating, PRJ_COMMENTS_TXT=Comments",,,
ARCH_Design,Architecture,Floor Schedule,Floors,,,"ASS_ID_TXT, ASS_LVL_COD_TXT, ASS_TAG_1_TXT, BLE_ELE_AREA_SQ_M, BLE_FLR_LVL_NR, BLE_FLR_THICKNESS_MM, FLS_PROT_FLS_RESISTANCE_RATING_MINUTES_MIN, PRJ_COMMENTS_TXT",,Level: Ascending; Type Mark: Ascending,Level,BLE_ELE_AREA_SQ_M: SUM,"ASS_ID_TXT=Mark, ASS_LVL_COD_TXT=Level, ASS_TAG_1_TXT=Type Mark, BLE_ELE_AREA_SQ_M=Area, BLE_FLR_LVL_NR=Level, BLE_FLR_THICKNESS_MM=Thickness, FLS_PROT_FLS_RESISTANCE_RATING_MINUTES_MIN=Fire Rating, PRJ_COMMENTS_TXT=Comments",,,
ARCH_Construction,Architecture,Formwork Schedule,Structural Framing,,,"ASS_ID_TXT, ASS_TAG_1_TXT, BLE_STRUCT_ELE_TYPE_TXT, ASS_LOC_TXT, ASS_LVL_COD_TXT, CST_S_FRM_TYPE_TXT, CST_S_FRM_SLAB_AREA_SQ_M, CST_S_FRM_BEAM_AREA_SQ_M, CST_S_FRM_COLUMN_AREA_SQ_M, CST_S_FRM_TIMBER_VOLUME_CU_M, CST_S_FRM_PLYWOOD_SHEETS_NR, CST_S_FRM_PROPS_QUANTITY_NR, CST_S_FRM_REUSE_CYCLES_NR, CST_S_FRM_RELEASE_AGENT_L, CST_S_FRM_STRIPPING_TIME_DAYS, CST_S_FRM_CST_TOTAL_UGX_NR, PRJ_COMMENTS_TXT",,Level: Ascending; Type Mark: Ascending,Level,,"ASS_ID_TXT=Mark, ASS_LOC_TXT=Level, ASS_LVL_COD_TXT=Level, ASS_TAG_1_TXT=Type Mark, BLE_STRUCT_ELE_TYPE_TXT=Type Name, PRJ_COMMENTS_TXT=Comments",,,
ARCH_Comprehensive,Architecture,Formwork Schedule,Structural Framing,,,"ASS_ID_TXT, ASS_LOC_TXT, ASS_LVL_COD_TXT, ASS_TAG_1_TXT, BLE_STRUCT_ELE_TYPE_TXT, PRJ_COMMENTS_TXT",,Level: Ascending; Type Mark: Ascending,Level,,"ASS_ID_TXT=Mark, ASS_LOC_TXT=Level, ASS_LVL_COD_TXT=Level, ASS_TAG_1_TXT=Type Mark, BLE_STRUCT_ELE_TYPE_TXT=Type Name, PRJ_COMMENTS_TXT=Comments",,,
ARCH_Construction,Architecture,Masonry Schedule,Walls,,,"ASS_ID_TXT, ASS_TAG_1_TXT, ASS_LOC_TXT, ASS_LVL_COD_TXT, CST_S_MAS_BRICK_TYPE_TXT, CST_S_MAS_BRICK_STRENGTH_TXT, CST_S_MAS_WALL_THICKNESS_MM, CST_S_MAS_WALL_AREA_SQ_M, CST_S_MAS_OPENING_AREA_SQ_M, CST_S_MAS_NET_AREA_SQ_M, CST_S_MAS_BRICK_QUANTITY_NR, CST_S_MAS_BRICK_WASTAGE_NR, CST_S_MAS_MORTAR_TYPE_TXT, CST_S_MAS_MORTAR_RATIO_TXT, CST_S_MAS_MORTAR_VOLUME_CU_M, CST_S_MAS_CEMENT_BAGS_NR, CST_S_MAS_SAND_VOLUME_CU_M, CST_S_MAS_WASTAGE_FCT_PCT, CST_S_MAS_CST_TOTAL_UGX_NR, PRJ_COMMENTS_TXT",,Level: Ascending; Type Mark: Ascending,Level,,"ASS_ID_TXT=Mark, ASS_LOC_TXT=Level, ASS_LVL_COD_TXT=Level, ASS_TAG_1_TXT=Type Mark, PRJ_COMMENTS_TXT=Comments",,,
ARCH_Comprehensive,Architecture,Masonry Schedule,Walls,,,"ASS_ID_TXT, ASS_LOC_TXT, ASS_LVL_COD_TXT, ASS_TAG_1_TXT, PRJ_COMMENTS_TXT",,Level: Ascending; Type Mark: Ascending,Level,,"ASS_ID_TXT=Mark, ASS_LOC_TXT=Level, ASS_LVL_COD_TXT=Level, ASS_TAG_1_TXT=Type Mark, PRJ_COMMENTS_TXT=Comments",,,
ARCH_Construction,Architecture,Procurement Schedule,Generic Models,,,"ASS_ID_TXT, ASS_PRODCT_COD_TXT, ASS_DESCRIPTION_TXT, ASS_PMT_QTY_ORDERED_NR, ASS_PMT_INV_UNIT_TXT, ASS_PMT_PRO_SUPPLIER_TXT, CST_SUP_PREFERRED_SUPPLIER_TXT, CST_SUP_ALTERNATIVE_SUPPLIERS_TXT, CST_SUP_LOCAL_SUPPLIER_TXT, CST_SUP_COUNTRY_OF_ORIGIN_INT, CST_IMPORT_REQUIRED_BOOL, CST_LOCAL_MAT_BOOL, CST_SUP_PROCUREMENT_LEAD_TIME_DAYS, CST_DELIVERY_LEAD_TIME_DAYS, CST_SUP_CUSTOMS_CLEARANCE_DAYS, CST_SUP_SHIPPING_METHOD_TXT, CST_SUP_PAYMENT_TERMS_TXT, CST_SUP_QUALITY_INSP_REQ_BOOL, ASS_PMT_PRO_PO_NR_TXT, ASS_PMT_PRO_DELIVERY_DATE_TXT, PRJ_COMMENTS_TXT",,Level: Ascending; Type Mark: Ascending,Level,,"ASS_DESCRIPTION_TXT=Description, ASS_ID_TXT=Mark, ASS_PRODCT_COD_TXT=Assembly Code, PRJ_COMMENTS_TXT=Comments",,,
ARCH_Comprehensive,Architecture,Procurement Schedule,Generic Models,,,"ASS_DESCRIPTION_TXT, ASS_ID_TXT, ASS_PRODCT_COD_TXT, PRJ_COMMENTS_TXT",,Level: Ascending; Type Mark: Ascending,Level,,"ASS_DESCRIPTION_TXT=Description, ASS_ID_TXT=Mark, ASS_PRODCT_COD_TXT=Assembly Code, PRJ_COMMENTS_TXT=Comments",,,
ARCH_Comprehensive,Architecture,Ramp Schedule,Ramps,,,"ASS_ID_TXT, ASS_LOC_TXT, ASS_LVL_COD_TXT, ASS_TAG_1_TXT, BLE_RAMP_SLOPE_PCT, BLE_RAMP_WIDTH_MM, PRJ_COMMENTS_TXT",,Level: Ascending; Type Mark: Ascending,Level,,"ASS_ID_TXT=Mark, ASS_LOC_TXT=Level, ASS_LVL_COD_TXT=Level, ASS_TAG_1_TXT=Type Mark, BLE_RAMP_SLOPE_PCT=Slope, BLE_RAMP_WIDTH_MM=Width, PRJ_COMMENTS_TXT=Comments",,,
ARCH_Design,Architecture,Ramp Schedule,Ramps,,,"ASS_ID_TXT, ASS_LOC_TXT, ASS_LVL_COD_TXT, ASS_TAG_1_TXT, BLE_RAMP_SLOPE_PCT, BLE_RAMP_WIDTH_MM, PRJ_COMMENTS_TXT",,Level: Ascending; Type Mark: Ascending,Level,,"ASS_ID_TXT=Mark, ASS_LOC_TXT=Level, ASS_LVL_COD_TXT=Level, ASS_TAG_1_TXT=Type Mark, BLE_RAMP_SLOPE_PCT=Slope, BLE_RAMP_WIDTH_MM=Width, PRJ_COMMENTS_TXT=Comments",,,
ARCH_Construction,Architecture,Reinforcement Schedule,Structural Framing,,,"ASS_ID_TXT, ASS_TAG_1_TXT, BLE_STRUCT_ELE_TYPE_TXT, ASS_LOC_TXT, PRJ_GRID_REF_TXT, CST_S_REI_MARK_PREFIX_TXT, CST_S_REI_TYPE_TXT, CST_S_REI_GRADE_TXT, CST_S_REI_DIAMETER_MM, CST_S_REI_LENGTH_M, CST_S_REI_SPACING_MM, CST_S_REI_COVER_MM, CST_S_REI_OVERLAP_LENGTH_MM, CST_S_REI_WEIGHT_KG, CST_S_REI_WEIGHT_WASTAGE_KG, CST_S_REI_WIRE_WEIGHT_KG, CST_S_REI_SCHEDULE_REF_TXT, CST_S_REI_CST_TOTAL_UGX_NR, PRJ_COMMENTS_TXT",,Level: Ascending; Type Mark: Ascending,Level,,"ASS_ID_TXT=Mark, ASS_LOC_TXT=Level, ASS_TAG_1_TXT=Type Mark, BLE_STRUCT_ELE_TYPE_TXT=Type Name, PRJ_COMMENTS_TXT=Comments, PRJ_GRID_REF_TXT=Grid Reference",,,
ARCH_Comprehensive,Architecture,Reinforcement Schedule,Structural Framing,,,"ASS_ID_TXT, ASS_LOC_TXT, ASS_TAG_1_TXT, BLE_STRUCT_ELE_TYPE_TXT, PRJ_COMMENTS_TXT, PRJ_GRID_REF_TXT",,Level: Ascending; Type Mark: Ascending,Level,,"ASS_ID_TXT=Mark, ASS_LOC_TXT=Level, ASS_TAG_1_TXT=Type Mark, BLE_STRUCT_ELE_TYPE_TXT=Type Name, PRJ_COMMENTS_TXT=Comments, PRJ_GRID_REF_TXT=Grid Reference",,,
ARCH_Comprehensive,Architecture,Roof Schedule,Roofs,,,"ASS_ID_TXT, ASS_MANUFACTURER_TXT, ASS_TAG_1_TXT, BLE_ELE_AREA_SQ_M, BLE_ROOF_SLOPE_DEG, PRJ_COMMENTS_TXT",,Level: Ascending; Type Mark: Ascending,Level,BLE_ELE_AREA_SQ_M: SUM,"ASS_ID_TXT=Mark, ASS_MANUFACTURER_TXT=Manufacturer, ASS_TAG_1_TXT=Type Mark, BLE_ELE_AREA_SQ_M=Area, BLE_ROOF_SLOPE_DEG=Slope, PRJ_COMMENTS_TXT=Comments",,,
ARCH_Design,Architecture,Roof Schedule,Roofs,,,"ASS_ID_TXT, ASS_MANUFACTURER_TXT, ASS_TAG_1_TXT, BLE_ELE_AREA_SQ_M, BLE_ROOF_SLOPE_DEG, PRJ_COMMENTS_TXT",,Level: Ascending; Type Mark: Ascending,Level,BLE_ELE_AREA_SQ_M: SUM,"ASS_ID_TXT=Mark, ASS_MANUFACTURER_TXT=Manufacturer, ASS_TAG_1_TXT=Type Mark, BLE_ELE_AREA_SQ_M=Area, BLE_ROOF_SLOPE_DEG=Slope, PRJ_COMMENTS_TXT=Comments",,,
ARCH_Comprehensive,Architecture,Room Schedule,Rooms,,,"ASS_DEPARTMENT_ASSIGNMENT_TXT, ASS_ID_TXT, ASS_LVL_COD_TXT, ASS_ROOM_AREA_SQ_M, ASS_ROOM_VOLUME_CU_M, ASS_ZONE_TXT, BLE_CEILING_HEIGHT_MM, BLE_ROOM_NAME_TXT, BLE_ROOM_NUMBER_TXT, PRJ_COMMENTS_TXT",Level: (not equals) <None>,Level: Ascending; Number: Ascending,Level,ASS_ROOM_AREA_SQ_M: SUM; ASS_ROOM_VOLUME_CU_M: SUM,"ASS_DEPARTMENT_ASSIGNMENT_TXT=Department, ASS_ID_TXT=Mark, ASS_LVL_COD_TXT=Level, ASS_ROOM_AREA_SQ_M=Area, ASS_ROOM_VOLUME_CU_M=Volume, ASS_ZONE_TXT=Zone, BLE_CEILING_HEIGHT_MM=Height Offset From Level, BLE_ROOM_NAME_TXT=Name, BLE_ROOM_NUMBER_TXT=Number, PRJ_COMMENTS_TXT=Comments",,,
ARCH_Design,Architecture,Room Schedule,Rooms,,,"ASS_DEPARTMENT_ASSIGNMENT_TXT, ASS_ID_TXT, ASS_LVL_COD_TXT, ASS_ROOM_AREA_SQ_M, ASS_ROOM_VOLUME_CU_M, ASS_ZONE_TXT, BLE_CEILING_HEIGHT_MM, BLE_ROOM_NAME_TXT, BLE_ROOM_NUMBER_TXT, PRJ_COMMENTS_TXT",Level: (not equals) <None>,Level: Ascending; Number: Ascending,Level,ASS_ROOM_AREA_SQ_M: SUM; ASS_ROOM_VOLUME_CU_M: SUM,"ASS_DEPARTMENT_ASSIGNMENT_TXT=Department, ASS_ID_TXT=Mark, ASS_LVL_COD_TXT=Level, ASS_ROOM_AREA_SQ_M=Area, ASS_ROOM_VOLUME_CU_M=Volume, ASS_ZONE_TXT=Zone, BLE_CEILING_HEIGHT_MM=Height Offset From Level, BLE_ROOM_NAME_TXT=Name, BLE_ROOM_NUMBER_TXT=Number, PRJ_COMMENTS_TXT=Comments",,,
ARCH_Comprehensive,Architecture,Stair Schedule,Stairs,,,"ASS_ID_TXT, ASS_LOC_TXT, ASS_LVL_COD_TXT, ASS_TAG_1_TXT, BLE_STAIR_GOING_MM, BLE_STAIR_RISE_MM, BLE_STAIR_WIDTH_MM, PRJ_COMMENTS_TXT",,Level: Ascending; Type Mark: Ascending,Level,,"ASS_ID_TXT=Mark, ASS_LOC_TXT=Level, ASS_LVL_COD_TXT=Level, ASS_TAG_1_TXT=Type Mark, BLE_STAIR_GOING_MM=Actual Tread Depth, BLE_STAIR_RISE_MM=Actual Riser Height, BLE_STAIR_WIDTH_MM=Actual Run Width, PRJ_COMMENTS_TXT=Comments",,,
ARCH_Design,Architecture,Stair Schedule,Stairs,,,"ASS_ID_TXT, ASS_LOC_TXT, ASS_LVL_COD_TXT, ASS_TAG_1_TXT, BLE_STAIR_GOING_MM, BLE_STAIR_RISE_MM, BLE_STAIR_WIDTH_MM, PRJ_COMMENTS_TXT",,Level: Ascending; Type Mark: Ascending,Level,,"ASS_ID_TXT=Mark, ASS_LOC_TXT=Level, ASS_LVL_COD_TXT=Level, ASS_TAG_1_TXT=Type Mark, BLE_STAIR_GOING_MM=Actual Tread Depth, BLE_STAIR_RISE_MM=Actual Riser Height, BLE_STAIR_WIDTH_MM=Actual Run Width, PRJ_COMMENTS_TXT=Comments",,,
ARCH_Comprehensive,Architecture,Structural Schedule,Structural Framing,,,"ASS_ID_TXT, ASS_LOC_TXT, ASS_LVL_COD_TXT, ASS_TAG_1_TXT, BLE_STRUCT_ELE_TYPE_TXT, PRJ_COMMENTS_TXT, PRJ_GRID_REF_TXT",,Level: Ascending; Type Mark: Ascending,Level,,"ASS_ID_TXT=Mark, ASS_LOC_TXT=Level, ASS_LVL_COD_TXT=Level, ASS_TAG_1_TXT=Type Mark, BLE_STRUCT_ELE_TYPE_TXT=Type Name, PRJ_COMMENTS_TXT=Comments, PRJ_GRID_REF_TXT=Grid Reference",,,
ARCH_Design,Architecture,Structural Schedule,Structural Framing,,,"ASS_ID_TXT, ASS_LOC_TXT, ASS_LVL_COD_TXT, ASS_TAG_1_TXT, BLE_STRUCT_ELE_TYPE_TXT, PRJ_COMMENTS_TXT, PRJ_GRID_REF_TXT",,Level: Ascending; Type Mark: Ascending,Level,,"ASS_ID_TXT=Mark, ASS_LOC_TXT=Level, ASS_LVL_COD_TXT=Level, ASS_TAG_1_TXT=Type Mark, BLE_STRUCT_ELE_TYPE_TXT=Type Name, PRJ_COMMENTS_TXT=Comments, PRJ_GRID_REF_TXT=Grid Reference",,,
ARCH_Regulatory,Architecture,Sustainability Schedule,Rooms,,,"ASS_ID_TXT, ASS_LOC_TXT, ASS_TAG_1_TXT, PRJ_COMMENTS_TXT",Level: (not equals) <None>,Level: Ascending; Number: Ascending,Level,,"ASS_ID_TXT=Mark, ASS_LOC_TXT=Level, ASS_TAG_1_TXT=Type Mark, PRJ_COMMENTS_TXT=Comments",,,
ARCH_Comprehensive,Architecture,Sustainability Schedule,Rooms,,,"ASS_ID_TXT, ASS_LOC_TXT, ASS_TAG_1_TXT, PRJ_COMMENTS_TXT",Level: (not equals) <None>,Level: Ascending; Number: Ascending,Level,,"ASS_ID_TXT=Mark, ASS_LOC_TXT=Level, ASS_TAG_1_TXT=Type Mark, PRJ_COMMENTS_TXT=Comments",,,
ARCH_Comprehensive,Architecture,Wall Schedule,Walls,,,"ASS_ID_TXT, ASS_TAG_1_TXT, BLE_WALL_HEIGHT_MM, BLE_WALL_LENGTH_MM, BLE_WALL_THICKNESS_MM, FLS_PROT_FLS_RESISTANCE_RATING_MINUTES_MIN, PRJ_COMMENTS_TXT",,Level: Ascending; Type Mark: Ascending,Level,,"ASS_ID_TXT=Mark, ASS_TAG_1_TXT=Type Mark, BLE_WALL_HEIGHT_MM=Unconnected Height, BLE_WALL_LENGTH_MM=Length, BLE_WALL_THICKNESS_MM=Width, FLS_PROT_FLS_RESISTANCE_RATING_MINUTES_MIN=Fire Rating, PRJ_COMMENTS_TXT=Comments",,,
ARCH_Design,Architecture,Wall Schedule,Walls,,,"ASS_ID_TXT, ASS_TAG_1_TXT, BLE_WALL_HEIGHT_MM, BLE_WALL_LENGTH_MM, BLE_WALL_THICKNESS_MM, FLS_PROT_FLS_RESISTANCE_RATING_MINUTES_MIN, PRJ_COMMENTS_TXT",,Level: Ascending; Type Mark: Ascending,Level,,"ASS_ID_TXT=Mark, ASS_TAG_1_TXT=Type Mark, BLE_WALL_HEIGHT_MM=Unconnected Height, BLE_WALL_LENGTH_MM=Length, BLE_WALL_THICKNESS_MM=Width, FLS_PROT_FLS_RESISTANCE_RATING_MINUTES_MIN=Fire Rating, PRJ_COMMENTS_TXT=Comments",,,
ARCH_Comprehensive,Architecture,Window Schedule,Windows,,,"ASS_ID_TXT, ASS_LOC_TXT, ASS_LVL_COD_TXT, ASS_MANUFACTURER_TXT, ASS_MODEL_NR_TXT, ASS_RM_COD_TXT, ASS_TAG_1_TXT, BLE_WINDOW_HEIGHT_MM, BLE_WINDOW_SILL_HEIGHT_FROM_FLR_MM, BLE_WINDOW_WIDTH_MM, PRJ_COMMENTS_TXT",,Level: Ascending; Type Mark: Ascending,Level,,"ASS_ID_TXT=Mark, ASS_LOC_TXT=Level, ASS_LVL_COD_TXT=Level, ASS_MANUFACTURER_TXT=Manufacturer, ASS_MODEL_NR_TXT=Model, ASS_RM_COD_TXT=Number, ASS_TAG_1_TXT=Type Mark, BLE_WINDOW_HEIGHT_MM=Height, BLE_WINDOW_SILL_HEIGHT_FROM_FLR_MM=Sill Height, BLE_WINDOW_WIDTH_MM=Width, PRJ_COMMENTS_TXT=Comments",,,
ARCH_Design,Architecture,Window Schedule,Windows,,,"ASS_ID_TXT, ASS_LOC_TXT, ASS_LVL_COD_TXT, ASS_MANUFACTURER_TXT, ASS_MODEL_NR_TXT, ASS_RM_COD_TXT, ASS_TAG_1_TXT, BLE_WINDOW_HEIGHT_MM, BLE_WINDOW_SILL_HEIGHT_FROM_FLR_MM, BLE_WINDOW_WIDTH_MM, PRJ_COMMENTS_TXT",,Level: Ascending; Type Mark: Ascending,Level,,"ASS_ID_TXT=Mark, ASS_LOC_TXT=Level, ASS_LVL_COD_TXT=Level, ASS_MANUFACTURER_TXT=Manufacturer, ASS_MODEL_NR_TXT=Model, ASS_RM_COD_TXT=Number, ASS_TAG_1_TXT=Type Mark, BLE_WINDOW_HEIGHT_MM=Height, BLE_WINDOW_SILL_HEIGHT_FROM_FLR_MM=Sill Height, BLE_WINDOW_WIDTH_MM=Width, PRJ_COMMENTS_TXT=Comments",,,
QTO_Material_Takeoff,Cost,Concrete - Material Takeoff,Generic Models,,,"ASS_ID_TXT, CST_S_CON_TYPE_TXT, CST_S_CON_GRADE_TXT, CST_S_CON_STRENGTH_MPA, CST_S_CON_MIX_RATIO_TXT, ASS_PMT_INV_UNIT_TXT, CST_S_CON_VOLUME_CU_M, CST_S_MAS_WASTAGE_FCT_PCT, CST_S_CON_VOLUME_WASTAGE_CU_M, ASS_CST_UNIT_PRICE_UGX_NR, CST_S_CON_CST_TOTAL_UGX_NR, ASS_PMT_PRO_SUPPLIER_TXT, CST_SUP_PROCUREMENT_LEAD_TIME_DAYS, PRJ_COMMENTS_TXT",Material: Name: (has a value),Level: Ascending; Type Mark: Ascending,Category,ASS_CST_UNIT_PRICE_UGX_NR: SUM,"ASS_CST_UNIT_PRICE_UGX_NR=Cost, ASS_ID_TXT=Mark, PRJ_COMMENTS_TXT=Comments",,,
Material_Takeoff_Detailed,Cost,Concrete - Material Takeoff,,Material Takeoff,Floors;Structural Framing;Structural Columns;Structural Foundations;Walls,"ASS_ID_TXT, CST_S_CON_TYPE_TXT, CST_S_CON_GRADE_TXT, CST_S_CON_STRENGTH_MPA, CST_S_CON_MIX_RATIO_TXT, ASS_PMT_INV_UNIT_TXT, CST_S_CON_VOLUME_CU_M, CST_S_MAS_WASTAGE_FCT_PCT, CST_S_CON_VOLUME_WASTAGE_CU_M, ASS_CST_UNIT_PRICE_UGX_NR, CST_S_CON_CST_TOTAL_UGX_NR, ASS_PMT_PRO_SUPPLIER_TXT, CST_SUP_PROCUREMENT_LEAD_TIME_DAYS, PRJ_COMMENTS_TXT",Material: Name: (has a value),CST_S_CON_GRADE_TXT,CST_S_CON_GRADE_TXT,CST_S_CON_VOLUME_WASTAGE_CU_M;CST_S_CON_CST_TOTAL_UGX_NR,"ASS_CST_UNIT_PRICE_UGX_NR=Cost, ASS_ID_TXT=Mark, PRJ_COMMENTS_TXT=Comments",,,
QTO_Material_Takeoff,Cost,Cost Summary - Material Takeoff,Generic Models,,,"MA_ELEMENT_CATEGORY_TXT, CST_TOTAL_MATERIAL_COST, CST_TOTAL_LABOUR_COST, CST_TOTAL_EQUIPMENT_COST, ASS_CST_TOTAL_UGX_NR, CST_PERCENTAGE_OF_TOTAL_PCT",Material: Name: (has a value),Level: Ascending; Type Mark: Ascending,Category,,MA_ELEMENT_CATEGORY_TXT=Category,,,
Material_Takeoff_Detailed,Cost,Cost Summary - Material Takeoff,,Material Takeoff,Walls;Floors;Roofs;Ceilings;Doors;Windows;Structural Framing;Mechanical Equipment;Electrical Equipment;Plumbing Fixtures,"MA_ELEMENT_CATEGORY_TXT, CST_TOTAL_MATERIAL_COST, CST_TOTAL_LABOUR_COST, CST_TOTAL_EQUIPMENT_COST, ASS_CST_TOTAL_UGX_NR, CST_PERCENTAGE_OF_TOTAL_PCT",Material: Name: (has a value),ASS_CATEGORY_TXT,ASS_CATEGORY_TXT,CST_MATERIAL_CST_UGX_NR;CST_LABOUR_CST_UGX_NR;ASS_CST_TOTAL_UGX_NR,MA_ELEMENT_CATEGORY_TXT=Category,,,
QTO_Material_Takeoff,Cost,Doors Windows - Material Takeoff,Generic Models,,,"ASS_ID_TXT, ASS_DESCRIPTION_TXT, MAT_SPECIFICATIONS, ASS_PMT_INV_UNIT_TXT, ASS_CST_QUANTITY_NR, CST_S_MAS_WASTAGE_FCT_PCT, ASS_PMT_QTY_ORDERED_NR, ASS_PMT_CST_UNIT_RATE_UGX_NR, ASS_CST_TOTAL_UGX_NR, ASS_PMT_PRO_SUPPLIER_TXT, CST_DELIVERY_LEAD_TIME_DAYS, PRJ_COMMENTS_TXT",Material: Name: (has a value),Level: Ascending; Type Mark: Ascending,Category,ASS_CST_QUANTITY_NR: SUM,"ASS_CST_QUANTITY_NR=Count, ASS_DESCRIPTION_TXT=Description, ASS_ID_TXT=Mark, PRJ_COMMENTS_TXT=Comments",,,
Material_Takeoff_Detailed,Cost,Doors Windows - Material Takeoff,,Material Takeoff,Doors;Windows;Curtain Panels,"ASS_ID_TXT, ASS_DESCRIPTION_TXT, BLE_DOOR_OPERATION_TYPE_SWING_SLIDE_FOLD_ROLL_TXT, BLE_DOOR_WIDTH_MM, BLE_DOOR_HEIGHT_MM, ASS_MANUFACTURER_TXT, MAT_SPECIFICATIONS, ASS_PMT_INV_UNIT_TXT, ASS_CST_QUANTITY_NR, CST_S_MAS_WASTAGE_FCT_PCT, ASS_PMT_QTY_ORDERED_NR, ASS_PMT_CST_UNIT_RATE_UGX_NR, ASS_CST_TOTAL_UGX_NR, ASS_PMT_PRO_SUPPLIER_TXT, CST_DELIVERY_LEAD_TIME_DAYS, PRJ_COMMENTS_TXT",Material: Name: (has a value),ASS_CATEGORY_TXT,ASS_CATEGORY_TXT,ASS_CST_QUANTITY_NR;ASS_CST_TOTAL_UGX_NR,"ASS_CST_QUANTITY_NR=Count, ASS_DESCRIPTION_TXT=Description, ASS_ID_TXT=Mark, BLE_DOOR_HEIGHT_MM=Height, BLE_DOOR_WIDTH_MM=Width, PRJ_COMMENTS_TXT=Comments",,,
Material_Takeoff_Detailed,Cost,Earthworks - Material Takeoff,,Material Takeoff,Topography;Floors;Structural Foundations,"ASS_ID_TXT, ASS_DESCRIPTION_TXT, CST_S_EAR_EXCAVATION_METHOD_TXT, ASS_PMT_INV_UNIT_TXT, CST_S_EAR_EXCAVATION_VOLUME_CU_M, CST_S_EAR_BACKFILL_VOLUME_CU_M, CST_S_EAR_HARDCORE_VOLUME_CU_M, CST_S_EAR_BLINDING_VOLUME_CU_M, CST_S_EAR_DISPOSAL_VOLUME_CU_M, ASS_CST_UNIT_PRICE_UGX_NR, CST_S_EAR_CST_TOTAL_UGX_NR, ASS_PMT_PRO_SUPPLIER_TXT, PRJ_COMMENTS_TXT",Material: Name: (has a value),CST_S_EAR_ACTIVITY_TYPE_TXT,CST_S_EAR_ACTIVITY_TYPE_TXT,CST_S_EAR_EXCAVATION_VOLUME_CU_M;CST_S_EAR_CST_TOTAL_UGX_NR,"ASS_CST_UNIT_PRICE_UGX_NR=Cost, ASS_DESCRIPTION_TXT=Description, ASS_ID_TXT=Mark, PRJ_COMMENTS_TXT=Comments",,,
QTO_Material_Takeoff,Cost,Electrical - Material Takeoff,Generic Models,,,"ASS_ID_TXT, ASS_DESCRIPTION_TXT, MAT_SPECIFICATIONS, ASS_PMT_INV_UNIT_TXT, ASS_CST_QUANTITY_NR, CST_S_MAS_WASTAGE_FCT_PCT, ASS_PMT_QTY_ORDERED_NR, ASS_PMT_CST_UNIT_RATE_UGX_NR, ASS_CST_TOTAL_UGX_NR, ASS_PMT_PRO_SUPPLIER_TXT, CST_DELIVERY_LEAD_TIME_DAYS, PRJ_COMMENTS_TXT",Material: Name: (has a value),Level: Ascending; Type Mark: Ascending,Category,ASS_CST_QUANTITY_NR: SUM,"ASS_CST_QUANTITY_NR=Count, ASS_DESCRIPTION_TXT=Description, ASS_ID_TXT=Mark, PRJ_COMMENTS_TXT=Comments",,,
Material_Takeoff_Detailed,Cost,Electrical - Material Takeoff,,Material Takeoff,Electrical Equipment;Electrical Fixtures;Lighting Fixtures;Lighting Devices;Cable Trays;Conduits,"ASS_ID_TXT, ASS_DESCRIPTION_TXT, ASS_MANUFACTURER_TXT, ASS_MODEL_NR_TXT, MAT_SPECIFICATIONS, ASS_PMT_INV_UNIT_TXT, ASS_CST_QUANTITY_NR, CST_S_MAS_WASTAGE_FCT_PCT, ASS_PMT_QTY_ORDERED_NR, ASS_PMT_CST_UNIT_RATE_UGX_NR, ASS_CST_TOTAL_UGX_NR, ASS_PMT_PRO_SUPPLIER_TXT, CST_DELIVERY_LEAD_TIME_DAYS, PRJ_COMMENTS_TXT",Material: Name: (has a value),ASS_CATEGORY_TXT,ASS_CATEGORY_TXT,ASS_CST_QUANTITY_NR;ASS_CST_TOTAL_UGX_NR,"ASS_CST_QUANTITY_NR=Count, ASS_DESCRIPTION_TXT=Description, ASS_ID_TXT=Mark, ASS_MANUFACTURER_TXT=Manufacturer, ASS_MODEL_NR_TXT=Model, PRJ_COMMENTS_TXT=Comments",,,
QTO_Material_Takeoff,Cost,Finishes - Material Takeoff,Generic Models,,,"ASS_ID_TXT, ASS_DESCRIPTION_TXT, MAT_SPECIFICATIONS, ASS_PMT_INV_UNIT_TXT, ASS_CST_QUANTITY_NR, CST_S_MAS_WASTAGE_FCT_PCT, ASS_PMT_QTY_ORDERED_NR, ASS_PMT_CST_UNIT_RATE_UGX_NR, ASS_CST_TOTAL_UGX_NR, ASS_PMT_PRO_SUPPLIER_TXT, CST_DELIVERY_LEAD_TIME_DAYS, PRJ_COMMENTS_TXT",Material: Name: (has a value),Level: Ascending; Type Mark: Ascending,Category,ASS_CST_QUANTITY_NR: SUM,"ASS_CST_QUANTITY_NR=Count, ASS_DESCRIPTION_TXT=Description, ASS_ID_TXT=Mark, PRJ_COMMENTS_TXT=Comments",,,
Material_Takeoff_Detailed,Cost,Finishes - Material Takeoff,,Material Takeoff,Walls;Floors;Ceilings,"ASS_ID_TXT, ASS_DESCRIPTION_TXT, BLE_FINISH_TYPE_TXT, BLE_FINISH_TYPE_TXT, MAT_SPECIFICATIONS, ASS_PMT_INV_UNIT_TXT, BLE_FINISH_PAINT_AREA_SQ_M, BLE_FINISH_TILE_AREA_SQ_M, BLE_FINISH_PLASTER_AREA_SQ_M, ASS_CST_QUANTITY_NR, ASS_PMT_CST_UNIT_RATE_UGX_NR, ASS_CST_TOTAL_UGX_NR, ASS_PMT_PRO_SUPPLIER_TXT, CST_DELIVERY_LEAD_TIME_DAYS, PRJ_COMMENTS_TXT",Material: Name: (has a value),BLE_FINISH_TYPE_TXT,BLE_FINISH_TYPE_TXT,BLE_FINISH_PAINT_AREA_SQ_M;BLE_FINISH_TILE_AREA_SQ_M;ASS_CST_TOTAL_UGX_NR,"ASS_CST_QUANTITY_NR=Count, ASS_DESCRIPTION_TXT=Description, ASS_ID_TXT=Mark, PRJ_COMMENTS_TXT=Comments",,,
QTO_Material_Takeoff,Cost,Formwork - Material Takeoff,Generic Models,,,"ASS_ID_TXT, ASS_DESCRIPTION_TXT, MAT_SPECIFICATIONS, ASS_PMT_INV_UNIT_TXT, CST_S_FRM_PROPS_QUANTITY_NR, CST_S_MAS_WASTAGE_FCT_PCT, ASS_CST_QUANTITY_NR, ASS_CST_UNIT_PRICE_UGX_NR, CST_S_FRM_CST_TOTAL_UGX_NR, ASS_PMT_PRO_SUPPLIER_TXT, CST_SUP_PROCUREMENT_LEAD_TIME_DAYS, PRJ_COMMENTS_TXT",Material: Name: (has a value),Level: Ascending; Type Mark: Ascending,Category,ASS_CST_QUANTITY_NR: SUM; ASS_CST_UNIT_PRICE_UGX_NR: SUM,"ASS_CST_QUANTITY_NR=Count, ASS_CST_UNIT_PRICE_UGX_NR=Cost, ASS_DESCRIPTION_TXT=Description, ASS_ID_TXT=Mark, PRJ_COMMENTS_TXT=Comments",,,
Material_Takeoff_Detailed,Cost,Formwork - Material Takeoff,,Material Takeoff,Floors;Structural Framing;Structural Columns;Structural Foundations,"ASS_ID_TXT, ASS_DESCRIPTION_TXT, CST_S_FRM_TYPE_TXT, MAT_SPECIFICATIONS, ASS_PMT_INV_UNIT_TXT, CST_S_FRM_SLAB_AREA_SQ_M, CST_S_FRM_BEAM_AREA_SQ_M, CST_S_FRM_COLUMN_AREA_SQ_M, CST_S_FRM_TIMBER_VOLUME_CU_M, CST_S_FRM_PLYWOOD_SHEETS_NR, CST_S_FRM_PROPS_QUANTITY_NR, CST_S_FRM_REUSE_CYCLES_NR, ASS_CST_UNIT_PRICE_UGX_NR, CST_S_FRM_CST_TOTAL_UGX_NR, ASS_PMT_PRO_SUPPLIER_TXT, CST_SUP_PROCUREMENT_LEAD_TIME_DAYS, PRJ_COMMENTS_TXT",Material: Name: (has a value),CST_S_FRM_ELEMENT_TYPE_TXT,CST_S_FRM_ELEMENT_TYPE_TXT,CST_S_FRM_TIMBER_VOLUME_CU_M;CST_S_FRM_PROPS_QUANTITY_NR;CST_S_FRM_CST_TOTAL_UGX_NR,"ASS_CST_QUANTITY_NR=Count, ASS_CST_UNIT_PRICE_UGX_NR=Cost, ASS_DESCRIPTION_TXT=Description, ASS_ID_TXT=Mark, PRJ_COMMENTS_TXT=Comments",,,
QTO_Material_Takeoff,Cost,Masonry - Material Takeoff,Generic Models,,,"ASS_ID_TXT, ASS_DESCRIPTION_TXT, MAT_SPECIFICATIONS, ASS_PMT_INV_UNIT_TXT, CST_S_MAS_BRICK_QUANTITY_NR, CST_S_MAS_WASTAGE_FCT_PCT, CST_S_MAS_BRICK_WASTAGE_NR, ASS_CST_UNIT_PRICE_UGX_NR, CST_S_MAS_CST_TOTAL_UGX_NR, ASS_PMT_PRO_SUPPLIER_TXT, CST_SUP_PROCUREMENT_LEAD_TIME_DAYS, PRJ_COMMENTS_TXT",Material: Name: (has a value),Level: Ascending; Type Mark: Ascending,Category,ASS_CST_UNIT_PRICE_UGX_NR: SUM,"ASS_CST_UNIT_PRICE_UGX_NR=Cost, ASS_DESCRIPTION_TXT=Description, ASS_ID_TXT=Mark, PRJ_COMMENTS_TXT=Comments",,,
Material_Takeoff_Detailed,Cost,Masonry - Material Takeoff,,Material Takeoff,Walls,"ASS_ID_TXT, ASS_DESCRIPTION_TXT, CST_S_MAS_BRICK_TYPE_TXT, CST_S_MAS_MORTAR_TYPE_TXT, MAT_SPECIFICATIONS, ASS_PMT_INV_UNIT_TXT, CST_S_MAS_WALL_AREA_SQ_M, CST_S_MAS_OPENING_AREA_SQ_M, CST_S_MAS_NET_AREA_SQ_M, CST_S_MAS_BRICK_QUANTITY_NR, CST_S_MAS_WASTAGE_FCT_PCT, CST_S_MAS_BRICK_WASTAGE_NR, ASS_CST_UNIT_PRICE_UGX_NR, CST_S_MAS_CST_TOTAL_UGX_NR, ASS_PMT_PRO_SUPPLIER_TXT, CST_SUP_PROCUREMENT_LEAD_TIME_DAYS, PRJ_COMMENTS_TXT",Material: Name: (has a value),ASS_DESCRIPTION_TXT,ASS_DESCRIPTION_TXT,CST_S_MAS_NET_AREA_SQ_M;CST_S_MAS_BRICK_QUANTITY_NR;CST_S_MAS_CST_TOTAL_UGX_NR,"ASS_CST_UNIT_PRICE_UGX_NR=Cost, ASS_DESCRIPTION_TXT=Description, ASS_ID_TXT=Mark, PRJ_COMMENTS_TXT=Comments",,,
QTO_Material_Takeoff,Cost,Mechanical Hvac - Material Takeoff,Generic Models,,,"ASS_ID_TXT, ASS_DESCRIPTION_TXT, MAT_SPECIFICATIONS, ASS_PMT_INV_UNIT_TXT, ASS_CST_QUANTITY_NR, CST_S_MAS_WASTAGE_FCT_PCT, ASS_PMT_QTY_ORDERED_NR, ASS_PMT_CST_UNIT_RATE_UGX_NR, ASS_CST_TOTAL_UGX_NR, ASS_PMT_PRO_SUPPLIER_TXT, CST_DELIVERY_LEAD_TIME_DAYS, PRJ_COMMENTS_TXT",Material: Name: (has a value),Level: Ascending; Type Mark: Ascending,Category,ASS_CST_QUANTITY_NR: SUM,"ASS_CST_QUANTITY_NR=Count, ASS_DESCRIPTION_TXT=Description, ASS_ID_TXT=Mark, PRJ_COMMENTS_TXT=Comments",,,
Material_Takeoff_Detailed,Cost,Mechanical Hvac - Material Takeoff,,Material Takeoff,Mechanical Equipment;Ducts;Duct Fittings;Duct Accessories;Air Terminals;Flex Ducts,"ASS_ID_TXT, ASS_DESCRIPTION_TXT, ASS_MANUFACTURER_TXT, ASS_MODEL_NR_TXT, MAT_SPECIFICATIONS, ASS_PMT_INV_UNIT_TXT, ASS_CST_QUANTITY_NR, CST_S_MAS_WASTAGE_FCT_PCT, ASS_PMT_QTY_ORDERED_NR, ASS_PMT_CST_UNIT_RATE_UGX_NR, ASS_CST_TOTAL_UGX_NR, ASS_PMT_PRO_SUPPLIER_TXT, CST_DELIVERY_LEAD_TIME_DAYS, PRJ_COMMENTS_TXT",Material: Name: (has a value),ASS_CATEGORY_TXT,ASS_CATEGORY_TXT,ASS_CST_QUANTITY_NR;ASS_CST_TOTAL_UGX_NR,"ASS_CST_QUANTITY_NR=Count, ASS_DESCRIPTION_TXT=Description, ASS_ID_TXT=Mark, ASS_MANUFACTURER_TXT=Manufacturer, ASS_MODEL_NR_TXT=Model, PRJ_COMMENTS_TXT=Comments",,,
QTO_Material_Takeoff,Cost,Plumbing - Material Takeoff,Generic Models,,,"ASS_ID_TXT, ASS_DESCRIPTION_TXT, MAT_SPECIFICATIONS, ASS_PMT_INV_UNIT_TXT, ASS_CST_QUANTITY_NR, CST_S_MAS_WASTAGE_FCT_PCT, ASS_PMT_QTY_ORDERED_NR, ASS_PMT_CST_UNIT_RATE_UGX_NR, ASS_CST_TOTAL_UGX_NR, ASS_PMT_PRO_SUPPLIER_TXT, CST_DELIVERY_LEAD_TIME_DAYS, PRJ_COMMENTS_TXT",Material: Name: (has a value),Level: Ascending; Type Mark: Ascending,Category,ASS_CST_QUANTITY_NR: SUM,"ASS_CST_QUANTITY_NR=Count, ASS_DESCRIPTION_TXT=Description, ASS_ID_TXT=Mark, PRJ_COMMENTS_TXT=Comments",,,
Material_Takeoff_Detailed,Cost,Plumbing - Material Takeoff,,Material Takeoff,Plumbing Fixtures;Pipes;Pipe Fittings;Pipe Accessories;Flex Pipes;Sprinklers,"ASS_ID_TXT, ASS_DESCRIPTION_TXT, ASS_MANUFACTURER_TXT, ASS_MODEL_NR_TXT, MAT_SPECIFICATIONS, ASS_PMT_INV_UNIT_TXT, ASS_CST_QUANTITY_NR, CST_S_MAS_WASTAGE_FCT_PCT, ASS_PMT_QTY_ORDERED_NR, ASS_PMT_CST_UNIT_RATE_UGX_NR, ASS_CST_TOTAL_UGX_NR, ASS_PMT_PRO_SUPPLIER_TXT, CST_DELIVERY_LEAD_TIME_DAYS, PRJ_COMMENTS_TXT",Material: Name: (has a value),ASS_CATEGORY_TXT,ASS_CATEGORY_TXT,ASS_CST_QUANTITY_NR;ASS_CST_TOTAL_UGX_NR,"ASS_CST_QUANTITY_NR=Count, ASS_DESCRIPTION_TXT=Description, ASS_ID_TXT=Mark, ASS_MANUFACTURER_TXT=Manufacturer, ASS_MODEL_NR_TXT=Model, PRJ_COMMENTS_TXT=Comments",,,
QTO_Material_Takeoff,Cost,Reinforcement - Material Takeoff,Generic Models,,,"ASS_ID_TXT, CST_S_REI_MARK_PREFIX_TXT, CST_S_REI_TYPE_TXT, CST_S_REI_GRADE_TXT, CST_S_REI_DIAMETER_MM, ASS_PMT_INV_UNIT_TXT, CST_S_REI_WEIGHT_KG, CST_S_MAS_WASTAGE_FCT_PCT, CST_S_REI_WEIGHT_WASTAGE_KG, ASS_CST_UNIT_PRICE_UGX_NR, CST_S_REI_CST_TOTAL_UGX_NR, ASS_PMT_PRO_SUPPLIER_TXT, CST_SUP_PROCUREMENT_LEAD_TIME_DAYS, PRJ_COMMENTS_TXT",Material: Name: (has a value),Level: Ascending; Type Mark: Ascending,Category,ASS_CST_UNIT_PRICE_UGX_NR: SUM,"ASS_CST_UNIT_PRICE_UGX_NR=Cost, ASS_ID_TXT=Mark, PRJ_COMMENTS_TXT=Comments",,,
Material_Takeoff_Detailed,Cost,Reinforcement - Material Takeoff,,Material Takeoff,Structural Rebar;Fabric Areas;Fabric Reinforcement,"ASS_ID_TXT, CST_S_REI_MARK_PREFIX_TXT, CST_S_REI_TYPE_TXT, CST_S_REI_GRADE_TXT, CST_S_REI_DIAMETER_MM, ASS_PMT_INV_UNIT_TXT, CST_S_REI_LENGTH_M, CST_S_REI_WEIGHT_KG, CST_S_MAS_WASTAGE_FCT_PCT, CST_S_REI_WEIGHT_WASTAGE_KG, ASS_CST_UNIT_PRICE_UGX_NR, CST_S_REI_CST_TOTAL_UGX_NR, ASS_PMT_PRO_SUPPLIER_TXT, CST_SUP_PROCUREMENT_LEAD_TIME_DAYS, PRJ_COMMENTS_TXT",Material: Name: (has a value),CST_S_REI_DIAMETER_MM,CST_S_REI_DIAMETER_MM,CST_S_REI_WEIGHT_WASTAGE_KG;CST_S_REI_CST_TOTAL_UGX_NR,"ASS_CST_UNIT_PRICE_UGX_NR=Cost, ASS_ID_TXT=Mark, PRJ_COMMENTS_TXT=Comments",,,
QTO_Material_Takeoff,Cost,Summary - Material Takeoff,Generic Models,,,"MA_ELEMENT_CATEGORY_TXT, ASS_DESCRIPTION_TXT, ASS_PMT_INV_UNIT_TXT, ASS_CST_QUANTITY_NR, ASS_CST_UNIT_PRICE_UGX_NR, ASS_CST_TOTAL_UGX_NR, ASS_PMT_PRO_SUPPLIER_TXT, PRJ_COMMENTS_TXT",Material: Name: (has a value),Level: Ascending; Type Mark: Ascending,Category,ASS_CST_QUANTITY_NR: SUM; ASS_CST_UNIT_PRICE_UGX_NR: SUM,"MA_ELEMENT_CATEGORY_TXT=Category, ASS_CST_QUANTITY_NR=Count, ASS_CST_UNIT_PRICE_UGX_NR=Cost, ASS_DESCRIPTION_TXT=Description, PRJ_COMMENTS_TXT=Comments",,,
Material_Takeoff_Detailed,Cost,Summary - Material Takeoff,,Material Takeoff,Walls;Floors;Roofs;Ceilings;Doors;Windows;Structural Framing;Structural Columns;Structural Foundations,"MA_ELEMENT_CATEGORY_TXT, ASS_DESCRIPTION_TXT, ASS_PMT_INV_UNIT_TXT, ASS_CST_QUANTITY_NR, ASS_CST_UNIT_PRICE_UGX_NR, ASS_CST_TOTAL_UGX_NR, ASS_PMT_PRO_SUPPLIER_TXT, PRJ_COMMENTS_TXT",Material: Name: (has a value),ASS_CATEGORY_TXT,ASS_CATEGORY_TXT,ASS_CST_TOTAL_UGX_NR,"MA_ELEMENT_CATEGORY_TXT=Category, ASS_CST_QUANTITY_NR=Count, ASS_CST_UNIT_PRICE_UGX_NR=Cost, ASS_DESCRIPTION_TXT=Description, PRJ_COMMENTS_TXT=Comments",,,
MEP_Electrical,Electrical,Ass_Cst_Quantity_Nr,Generic Models,,,ASS_MANUFACTURER_TXT,System Type: (has a value),Level: Ascending; Type Mark: Ascending,System Type,,ASS_MANUFACTURER_TXT=Manufacturer,,,
MEP_Electrical,Electrical,Cable List,Conduits,,,"ELC_CBL_NR_TXT, CBL_TYPE_TXT, ELC_CBL_SZ_MM, ELC_CBL_NUM_OF_CORES_NR, ELC_CBL_LENGTH_M, ELC_CBL_SOURCE_FROM_TXT, ELC_CBL_DESTINATION_TO_TXT, ELC_VLT_PRIMARY_RATING_V, ELC_CBL_INSTALL_METHOD_TXT, PRJ_COMMENTS_TXT",System Type: (has a value),Level: Ascending; Type Mark: Ascending,System Type,,"ELC_CBL_LENGTH_M=Length, ELC_VLT_PRIMARY_RATING_V=Voltage, PRJ_COMMENTS_TXT=Comments",,,
MEP_Electrical,Electrical,Cable Schedule,Conduits,,,"ELC_CBL_NR_TXT, ELC_CBL_SOURCE_FROM_TXT, ELC_CBL_DESTINATION_TO_TXT, CBL_TYPE_TXT, ELC_CBL_NUM_OF_CORES_NR, ELC_CBL_SZ_MM, ELC_CBL_SZ_PER_CORE_MM, ELC_CBL_LENGTH_M, ELC_CBL_AMPACITY_A, ELC_CBL_DERATING_FCT_NR, ELC_CBL_INSTALL_METHOD_TXT, ELC_CBL_INS_TYPE_TXT, ELC_VLT_PRIMARY_RATING_V, ASS_MANUFACTURER_TXT, PRJ_COMMENTS_TXT",System Type: (has a value),Level: Ascending; Type Mark: Ascending,System Type,,"ASS_MANUFACTURER_TXT=Manufacturer, ELC_CBL_LENGTH_M=Length, ELC_VLT_PRIMARY_RATING_V=Voltage, PRJ_COMMENTS_TXT=Comments",,,
MEP_Electrical,Electrical,Circuit Schedule,Electrical Circuits,,,"ELC_CKT_NR, ELC_CKT_IDENTIFICATION_TXT, ELC_PNL_DESIGNATION_NAME_TXT, ELC_CKT_PWR_KW, ELC_CKT_VLT_V, ELC_CKT_PHASE_COUNT_NR, ELC_CKT_CUR_A, ELC_CKT_BRK_RATING_A, ELC_CKT_CBL_SZ_MM, ELC_CKT_CBL_TYPE_TXT, ELC_CKT_LENGTH_M, ELC_VLT_DROP_PCT, ELC_DIV_FCT_NR, ELC_CKT_FINAL_TXT, ELC_PWR_CIR_LOAD_TYPE_TXT, PRJ_COMMENTS_TXT",System Type: (has a value),Level: Ascending; Type Mark: Ascending,System Type,,"ELC_CKT_CUR_A=Apparent Current, ELC_CKT_NR=Circuit Number, ELC_CKT_PHASE_COUNT_NR=Number of Poles, ELC_CKT_PWR_KW=Apparent Load, ELC_CKT_VLT_V=Voltage, ELC_PNL_DESIGNATION_NAME_TXT=Panel Name, PRJ_COMMENTS_TXT=Comments",,,
MEP_Electrical,Electrical,Devices Schedule,Electrical Fixtures,,,"ASS_ID_TXT, ELC_EQUIPMENT_TYPE_TXT, ASS_LOC_TXT, ELC_CKT_BRK_RATING_A, ELC_VLT_PRIMARY_RATING_V, ELC_CKT_PHASE_COUNT_NR, MNT_HGT_MM, ELC_CKT_NR, ELC_IP_RATING_TXT, ASS_MANUFACTURER_TXT, ASS_MODEL_NR_TXT, PRJ_COMMENTS_TXT",System Type: (has a value),Level: Ascending; Type Mark: Ascending,System Type,,"ASS_ID_TXT=Mark, ASS_LOC_TXT=Level, ASS_MANUFACTURER_TXT=Manufacturer, ASS_MODEL_NR_TXT=Model, ELC_CKT_NR=Circuit Number, ELC_CKT_PHASE_COUNT_NR=Number of Poles, ELC_IP_RATING_TXT=Type Name, ELC_VLT_PRIMARY_RATING_V=Voltage, PRJ_COMMENTS_TXT=Comments",,,
MEP_Electrical,Electrical,Lighting Schedule,Lighting Fixtures,,,"ASS_ID_TXT, LTG_FIX_TYPE_CLASSIFICATION_TXT, ASS_LOC_TXT, LTG_FIX_LMP_WATTAGE_W, CST_FIX_LUMEN_OUTPUT_LM, LTG_CLR_RENDERING_INDEX_NR, LTG_CLR_TEMP_K, LTG_EFFICACY_LM_W, MNT_HGT_MM, MNT_TYPE_TXT, LTG_CTRL_TYPE_TXT, LTG_EMRG_TYPE_TXT, LTG_CKT_NR_TXT, ASS_MANUFACTURER_TXT, ASS_MODEL_NR_TXT, PRJ_COMMENTS_TXT",System Type: (has a value),Level: Ascending; Type Mark: Ascending,System Type,,"ASS_ID_TXT=Mark, ASS_LOC_TXT=Level, ASS_MANUFACTURER_TXT=Manufacturer, ASS_MODEL_NR_TXT=Model, CST_FIX_LUMEN_OUTPUT_LM=Initial Intensity, LTG_CKT_NR_TXT=Circuit Number, LTG_FIX_LMP_WATTAGE_W=Wattage, PRJ_COMMENTS_TXT=Comments",,,
MEP_Electrical,Electrical,Lightning Protection,Electrical Equipment,,,"ASS_ID_TXT, ELC_EQUIPMENT_TYPE_TXT, ASS_LOC_TXT, ELC_CBL_INS_TYPE_TXT, ELC_CBL_COND_SZ_SQ_MM, ELC_CBL_LENGTH_M, ELC_LP_CONNECTION_TYPE_TXT, ELC_LP_EARTH_RES_OHMS, ASS_MANUFACTURER_TXT, PRJ_COMMENTS_TXT",System Type: (has a value),Level: Ascending; Type Mark: Ascending,System Type,,"ASS_ID_TXT=Mark, ASS_LOC_TXT=Level, ASS_MANUFACTURER_TXT=Manufacturer, ELC_CBL_LENGTH_M=Length, PRJ_COMMENTS_TXT=Comments",,,
MEP_Electrical,Electrical,Load List,Electrical Equipment,,,"PRJ_AREA_NAME_TXT, ELC_PWR_CIR_LOAD_TYPE_TXT, ELC_PWR_CONNECTED_LOAD_KW, ELC_DIV_FCT_NR, ELC_PNL_CONNECTED_LOAD_KW, ELC_VLT_PRIMARY_RATING_V, ELC_CKT_PHASE_COUNT_NR, ELC_CKT_CUR_A, PRJ_COMMENTS_TXT",System Type: (has a value),Level: Ascending; Type Mark: Ascending,System Type,,"ELC_CKT_CUR_A=Apparent Current, ELC_CKT_PHASE_COUNT_NR=Number of Poles, ELC_PNL_CONNECTED_LOAD_KW=Total Connected Load, ELC_VLT_PRIMARY_RATING_V=Voltage, PRJ_COMMENTS_TXT=Comments",,,
MEP_Electrical,Electrical,Material Take Off,Generic Models,,,"CST_FIX_CAT_NR, ASS_DESCRIPTION_TXT, CST_SPECIAL_EQUIPMENT_TXT, ASS_CST_UNIT_PRICE_UGX_NR, ASS_CST_QUANTITY_NR, ASS_MANUFACTURER_TXT, ASS_MODEL_NR_TXT, ASS_CST_TOTAL_UGX_NR, PRJ_COMMENTS_TXT",System Type: (has a value),Level: Ascending; Type Mark: Ascending,System Type,ASS_CST_QUANTITY_NR: SUM; ASS_CST_UNIT_PRICE_UGX_NR: SUM,"ASS_CST_QUANTITY_NR=Count, ASS_CST_UNIT_PRICE_UGX_NR=Cost, ASS_DESCRIPTION_TXT=Description, ASS_MANUFACTURER_TXT=Manufacturer, ASS_MODEL_NR_TXT=Model, PRJ_COMMENTS_TXT=Comments",,,
MEP_Electrical,Electrical,Panel Schedule,Electrical Equipment,,,"ASS_ID_TXT, ELC_PNL_DESIGNATION_NAME_TXT, ASS_LOC_TXT, ELC_PNL_VLT_V, ELC_PNL_PHS_COUNT_NR, ELC_PNL_MAIN_BRK_A, ELC_PNL_CONNECTED_LOAD_KW, ELC_PNL_NUM_OF_WAYS_NR, ELC_SPARE_WAYS_NR, ELC_PNL_FED_FROM_PNL_TXT, ELC_PNL_CKT_SOURCE_NAME_TXT, ELC_PNL_SHORT_CIRCUIT_RATING_KA, ELC_IP_RATING_TXT, ASS_MANUFACTURER_TXT, ASS_MODEL_NR_TXT, ASS_STATUS_TXT, PRJ_COMMENTS_TXT",System Type: (has a value),Level: Ascending; Type Mark: Ascending,System Type,,"ASS_ID_TXT=Mark, ASS_LOC_TXT=Level, ASS_MANUFACTURER_TXT=Manufacturer, ASS_MODEL_NR_TXT=Model, ELC_IP_RATING_TXT=Type Name, ELC_PNL_CKT_SOURCE_NAME_TXT=Panel Name, ELC_PNL_CONNECTED_LOAD_KW=Total Connected Load, ELC_PNL_DESIGNATION_NAME_TXT=Panel Name, ELC_PNL_FED_FROM_PNL_TXT=Feed From Panel, ELC_PNL_PHS_COUNT_NR=Number of Poles, ELC_PNL_VLT_V=Voltage, PRJ_COMMENTS_TXT=Comments",,,
MEP_Electrical,Electrical,Power Equipment Schedule,Electrical Equipment,,,"ASS_ID_TXT, ASS_EQUIPMENT_TAG_TXT, ASS_DESCRIPTION_TXT, ASS_LOC_TXT, ELC_PWR_KW, ELC_PNL_CONNECTED_LOAD_KW, ELC_VLT_PRIMARY_RATING_V, ELC_CKT_PHASE_COUNT_NR, ELC_CKT_BRK_RATING_A, ELC_CKT_NR, ELC_PNL_FED_FROM_PNL_TXT, ASS_MANUFACTURER_TXT, ASS_MODEL_NR_TXT, ASS_STATUS_TXT, PRJ_COMMENTS_TXT",System Type: (has a value),Level: Ascending; Type Mark: Ascending,System Type,,"ASS_DESCRIPTION_TXT=Description, ASS_EQUIPMENT_TAG_TXT=Mark, ASS_ID_TXT=Mark, ASS_LOC_TXT=Level, ASS_MANUFACTURER_TXT=Manufacturer, ASS_MODEL_NR_TXT=Model, ELC_CKT_NR=Circuit Number, ELC_CKT_PHASE_COUNT_NR=Number of Poles, ELC_PNL_CONNECTED_LOAD_KW=Total Connected Load, ELC_PNL_FED_FROM_PNL_TXT=Feed From Panel, ELC_VLT_PRIMARY_RATING_V=Voltage, PRJ_COMMENTS_TXT=Comments",,,
FM_Revit,Facilities,Accessibility Schedule,Rooms,,,"ASS_ID_TXT, ASS_LOC_TXT, ASS_TAG_1_TXT, BLE_RAMP_SLOPE_PCT, BLE_RAMP_WIDTH_MM, BLE_ROOM_NUMBER_TXT",Level: (not equals) <None>,Level: Ascending; Number: Ascending,Level,,"ASS_ID_TXT=Mark, ASS_LOC_TXT=Level, ASS_TAG_1_TXT=Type Mark, BLE_RAMP_SLOPE_PCT=Slope, BLE_RAMP_WIDTH_MM=Width, BLE_ROOM_NUMBER_TXT=Number",,,
FM_Revit,Facilities,Acoustic Schedule,Rooms,,,"ASS_ID_TXT, ASS_TAG_1_TXT, BLE_ROOM_NUMBER_TXT",Level: (not equals) <None>,Level: Ascending; Number: Ascending,Level,,"ASS_ID_TXT=Mark, ASS_TAG_1_TXT=Type Mark, BLE_ROOM_NUMBER_TXT=Number",,,
FM_Revit,Facilities,Air Terminal Schedule,Air Terminals,,,"ASS_ID_TXT, ASS_LOC_TXT, ASS_MANUFACTURER_TXT, ASS_MODEL_NR_TXT, ASS_TAG_1_TXT, BLE_ROOM_NUMBER_TXT, HVC_DCT_FLW_CFM, HVC_VEL_MPS",,Level: Ascending; Type Mark: Ascending,Level,,"ASS_ID_TXT=Mark, ASS_LOC_TXT=Level, ASS_MANUFACTURER_TXT=Manufacturer, ASS_MODEL_NR_TXT=Model, ASS_TAG_1_TXT=Type Mark, BLE_ROOM_NUMBER_TXT=Number, HVC_DCT_FLW_CFM=Flow, HVC_VEL_MPS=Velocity",,,
FM_Revit,Facilities,Asset Register,Generic Models,,,"ASS_CAT_TXT, ASS_DEPARTMENT_ASSIGNMENT_TXT, ASS_DESCRIPTION_TXT, ASS_EQUIPMENT_TAG_TXT, ASS_ID_TXT, ASS_LOC_TXT, ASS_LVL_COD_TXT, ASS_MANUFACTURER_TXT, ASS_MODEL_NR_TXT, ASS_PART_NUMBER_TXT, ASS_PRODCT_COD_TXT, ASS_RM_COD_TXT, ASS_SERIAL_NR_TXT, ASS_SYSTEM_TYPE_TXT, ASS_TAG_1_TXT, ASS_TAG_2_TXT, ASS_TAG_3_TXT, ASS_ZONE_TXT",,Level: Ascending; Type Mark: Ascending,Level,,"ASS_CAT_TXT=Category, ASS_DEPARTMENT_ASSIGNMENT_TXT=Department, ASS_DESCRIPTION_TXT=Description, ASS_EQUIPMENT_TAG_TXT=Mark, ASS_ID_TXT=Mark, ASS_LOC_TXT=Level, ASS_LVL_COD_TXT=Level, ASS_MANUFACTURER_TXT=Manufacturer, ASS_MODEL_NR_TXT=Model, ASS_PART_NUMBER_TXT=Part Number, ASS_PRODCT_COD_TXT=Assembly Code, ASS_RM_COD_TXT=Number, ASS_SERIAL_NR_TXT=Serial Number, ASS_SYSTEM_TYPE_TXT=System Name, ASS_TAG_1_TXT=Type Mark, ASS_TAG_2_TXT=Mark, ASS_TAG_3_TXT=Assembly Code, ASS_ZONE_TXT=Zone",,,
FM_Revit,Facilities,Bms Controls Schedule,Mechanical Equipment,,,"ASS_ID_TXT, ASS_LOC_TXT, ASS_MANUFACTURER_TXT, ASS_MODEL_NR_TXT, ASS_TAG_1_TXT",,Level: Ascending; Type Mark: Ascending,Level,,"ASS_ID_TXT=Mark, ASS_LOC_TXT=Level, ASS_MANUFACTURER_TXT=Manufacturer, ASS_MODEL_NR_TXT=Model, ASS_TAG_1_TXT=Type Mark",,,
FM_Revit,Facilities,Cable Schedule,Conduits,,,ELC_CBL_LENGTH_M,,Level: Ascending; Type Mark: Ascending,Level,,ELC_CBL_LENGTH_M=Length,,,
FM_Revit,Facilities,Ceiling Schedule,Ceilings,,,"ASS_ID_TXT, ASS_TAG_1_TXT, BLE_CEILING_HEIGHT_MM, BLE_ROOM_NUMBER_TXT, FLS_PROT_FLS_RESISTANCE_RATING_MINUTES_MIN",,Level: Ascending; Type Mark: Ascending,Level,,"ASS_ID_TXT=Mark, ASS_TAG_1_TXT=Type Mark, BLE_CEILING_HEIGHT_MM=Height Offset From Level, BLE_ROOM_NUMBER_TXT=Number, FLS_PROT_FLS_RESISTANCE_RATING_MINUTES_MIN=Fire Rating",,,
FM_Revit,Facilities,Circuit Schedule,Electrical Circuits,,,"ELC_CKT_CUR_A, ELC_CKT_NR, ELC_CKT_PHASE_COUNT_NR, ELC_CKT_PWR_KW, ELC_CKT_VLT_V, ELC_PNL_CKT_SOURCE_NAME_TXT",,Level: Ascending; Type Mark: Ascending,Level,,"ELC_CKT_CUR_A=Apparent Current, ELC_CKT_NR=Circuit Number, ELC_CKT_PHASE_COUNT_NR=Number of Poles, ELC_CKT_PWR_KW=Apparent Load, ELC_CKT_VLT_V=Voltage, ELC_PNL_CKT_SOURCE_NAME_TXT=Panel Name",,,
FM_Revit,Facilities,Cost Procurement Schedule,Generic Models,,,"ASS_CST_QUANTITY_NR, ASS_CST_UNIT_PRICE_UGX_NR, ASS_DESCRIPTION_TXT, ASS_ID_TXT, ASS_TAG_1_TXT",,Level: Ascending; Type Mark: Ascending,Level,ASS_CST_QUANTITY_NR: SUM; ASS_CST_UNIT_PRICE_UGX_NR: SUM,"ASS_CST_QUANTITY_NR=Count, ASS_CST_UNIT_PRICE_UGX_NR=Cost, ASS_DESCRIPTION_TXT=Description, ASS_ID_TXT=Mark, ASS_TAG_1_TXT=Type Mark",,,
FM_Revit,Facilities,Door Schedule,Doors,,,"ASS_ID_TXT, ASS_TAG_1_TXT, BLE_DOOR_HEIGHT_MM, BLE_DOOR_WIDTH_MM, BLE_ROOM_NUMBER_TXT, FLS_PROT_FLS_RESISTANCE_RATING_MINUTES_MIN",,Level: Ascending; Type Mark: Ascending,Level,,"ASS_ID_TXT=Mark, ASS_TAG_1_TXT=Type Mark, BLE_DOOR_HEIGHT_MM=Height, BLE_DOOR_WIDTH_MM=Width, BLE_ROOM_NUMBER_TXT=Number, FLS_PROT_FLS_RESISTANCE_RATING_MINUTES_MIN=Fire Rating",,,
FM_Revit,Facilities,Drainage Schedule,Pipes,,,"ASS_ID_TXT, ASS_LOC_TXT, ASS_TAG_1_TXT",,Level: Ascending; Type Mark: Ascending,Level,,"ASS_ID_TXT=Mark, ASS_LOC_TXT=Level, ASS_TAG_1_TXT=Type Mark",,,
FM_Revit,Facilities,Duct Schedule,Ducts,,,"ASS_ID_TXT, ASS_TAG_1_TXT, HVC_DCT_FLW_CFM, HVC_DUCT_FLOWRATE_M3H, HVC_VEL_MPS",,Level: Ascending; Type Mark: Ascending,Level,,"ASS_ID_TXT=Mark, ASS_TAG_1_TXT=Type Mark, HVC_DCT_FLW_CFM=Flow, HVC_DUCT_FLOWRATE_M3H=Flow, HVC_VEL_MPS=Velocity",,,
FM_Revit,Facilities,Electrical Schedule,Electrical Equipment,,,"ASS_EQUIPMENT_TAG_TXT, ASS_ID_TXT, ASS_LOC_TXT, ASS_LVL_COD_TXT, ASS_MANUFACTURER_TXT, ASS_MODEL_NR_TXT, ELC_PNL_CONNECTED_LOAD_KW, ELC_PNL_DESIGNATION_NAME_TXT, ELC_PNL_FED_FROM_PNL_TXT, ELC_IP_RATING_TXT, ELC_PNL_PHS_COUNT_NR, ELC_PNL_VLT_V",,Level: Ascending; Type Mark: Ascending,Level,,"ASS_EQUIPMENT_TAG_TXT=Mark, ASS_ID_TXT=Mark, ASS_LOC_TXT=Level, ASS_LVL_COD_TXT=Level, ASS_MANUFACTURER_TXT=Manufacturer, ASS_MODEL_NR_TXT=Model, ELC_PNL_CONNECTED_LOAD_KW=Total Connected Load, ELC_PNL_DESIGNATION_NAME_TXT=Panel Name, ELC_PNL_FED_FROM_PNL_TXT=Feed From Panel, ELC_IP_RATING_TXT=Type Name, ELC_PNL_PHS_COUNT_NR=Number of Poles, ELC_PNL_VLT_V=Voltage",,,
FM_Revit,Facilities,Equipment Schedule,Mechanical Equipment,,,"ASS_CAT_TXT, ASS_CST_UNIT_PRICE_UGX_NR, ASS_DESCRIPTION_TXT, ASS_EQUIPMENT_TAG_TXT, ASS_ID_TXT, ASS_LOC_TXT, ASS_LVL_COD_TXT, ASS_MANUFACTURER_TXT, ASS_MODEL_NR_TXT, ASS_RM_COD_TXT, ASS_SERIAL_NR_TXT, ASS_SYSTEM_TYPE_TXT",,Level: Ascending; Type Mark: Ascending,Level,ASS_CST_UNIT_PRICE_UGX_NR: SUM,"ASS_CAT_TXT=Category, ASS_CST_UNIT_PRICE_UGX_NR=Cost, ASS_DESCRIPTION_TXT=Description, ASS_EQUIPMENT_TAG_TXT=Mark, ASS_ID_TXT=Mark, ASS_LOC_TXT=Level, ASS_LVL_COD_TXT=Level, ASS_MANUFACTURER_TXT=Manufacturer, ASS_MODEL_NR_TXT=Model, ASS_RM_COD_TXT=Number, ASS_SERIAL_NR_TXT=Serial Number, ASS_SYSTEM_TYPE_TXT=System Name",,,
FM_Revit,Facilities,Expansion Joint Schedule,Pipe Accessories,,,"ASS_ID_TXT, ASS_LOC_TXT, ASS_MANUFACTURER_TXT, ASS_TAG_1_TXT",,Level: Ascending; Type Mark: Ascending,Level,,"ASS_ID_TXT=Mark, ASS_LOC_TXT=Level, ASS_MANUFACTURER_TXT=Manufacturer, ASS_TAG_1_TXT=Type Mark",,,
FM_Revit,Facilities,Facade Schedule,Curtain Panels,,,"ASS_ID_TXT, ASS_MANUFACTURER_TXT, ASS_MODEL_NR_TXT, ASS_TAG_1_TXT",,Level: Ascending; Type Mark: Ascending,Level,,"ASS_ID_TXT=Mark, ASS_MANUFACTURER_TXT=Manufacturer, ASS_MODEL_NR_TXT=Model, ASS_TAG_1_TXT=Type Mark",,,
FM_Revit,Facilities,Finish Schedule,Rooms,,,"ASS_ID_TXT, ASS_TAG_1_TXT, BLE_ROOM_NUMBER_TXT",Level: (not equals) <None>,Level: Ascending; Number: Ascending,Level,,"ASS_ID_TXT=Mark, ASS_TAG_1_TXT=Type Mark, BLE_ROOM_NUMBER_TXT=Number",,,
FM_Revit,Facilities,Fire Protection Schedule,Sprinklers,,,"ASS_ID_TXT, ASS_LOC_TXT, ASS_TAG_1_TXT, FLS_PROT_FLS_RESISTANCE_RATING_MINUTES_MIN",,Level: Ascending; Type Mark: Ascending,Level,,"ASS_ID_TXT=Mark, ASS_LOC_TXT=Level, ASS_TAG_1_TXT=Type Mark, FLS_PROT_FLS_RESISTANCE_RATING_MINUTES_MIN=Fire Rating",,,
FM_Revit,Facilities,Fire Safety Schedule,Fire Alarm Devices,,,"ASS_ID_TXT, ASS_LOC_TXT, ASS_LVL_COD_TXT, ASS_MANUFACTURER_TXT, ASS_MODEL_NR_TXT, ASS_TAG_1_TXT, BLE_ROOM_NUMBER_TXT",,Level: Ascending; Type Mark: Ascending,Level,,"ASS_ID_TXT=Mark, ASS_LOC_TXT=Level, ASS_LVL_COD_TXT=Level, ASS_MANUFACTURER_TXT=Manufacturer, ASS_MODEL_NR_TXT=Model, ASS_TAG_1_TXT=Type Mark, BLE_ROOM_NUMBER_TXT=Number",,,
FM_Revit,Facilities,Floor Schedule,Floors,,,"ASS_ID_TXT, ASS_TAG_1_TXT, BLE_FLR_LVL_NR, BLE_FLR_THICKNESS_MM",,Level: Ascending; Type Mark: Ascending,Level,,"ASS_ID_TXT=Mark, ASS_TAG_1_TXT=Type Mark, BLE_FLR_LVL_NR=Level, BLE_FLR_THICKNESS_MM=Thickness",,,
FM_Revit,Facilities,Guid,Generic Models,,,"ASS_ID_TXT, ASS_DESCRIPTION_TXT, ASS_TAG_1_TXT",,Level: Ascending; Type Mark: Ascending,Level,,"ASS_ID_TXT=Mark, ASS_DESCRIPTION_TXT=Description, ASS_TAG_1_TXT=Type Mark",,,
FM_Revit,Facilities,Lighting Schedule,Lighting Fixtures,,,"ASS_ID_TXT, ASS_LOC_TXT, ASS_MANUFACTURER_TXT, ASS_MODEL_NR_TXT, ASS_TAG_1_TXT, BLE_ROOM_NUMBER_TXT, CST_FIX_LUMEN_OUTPUT_LM, ELC_IP_RATING_TXT, LTG_CKT_NR_TXT, LTG_FIX_LMP_WATTAGE_W",,Level: Ascending; Type Mark: Ascending,Level,,"ASS_ID_TXT=Mark, ASS_LOC_TXT=Level, ASS_MANUFACTURER_TXT=Manufacturer, ASS_MODEL_NR_TXT=Model, ASS_TAG_1_TXT=Type Mark, BLE_ROOM_NUMBER_TXT=Number, CST_FIX_LUMEN_OUTPUT_LM=Initial Intensity, ELC_IP_RATING_TXT=Type Name, LTG_CKT_NR_TXT=Circuit Number, LTG_FIX_LMP_WATTAGE_W=Wattage",,,
FM_Revit,Facilities,Maintenance Schedule,Generic Models,,,"ASS_DESCRIPTION_TXT, ASS_EQUIPMENT_TAG_TXT, ASS_ID_TXT, ASS_LOC_TXT, ASS_LVL_COD_TXT, ASS_SYSTEM_TYPE_TXT",,Level: Ascending; Type Mark: Ascending,Level,,"ASS_DESCRIPTION_TXT=Description, ASS_EQUIPMENT_TAG_TXT=Mark, ASS_ID_TXT=Mark, ASS_LOC_TXT=Level, ASS_LVL_COD_TXT=Level, ASS_SYSTEM_TYPE_TXT=System Name",,,
FM_Revit,Facilities,Mechanical Schedule,Mechanical Equipment,,,"ASS_EQUIPMENT_TAG_TXT, ASS_ID_TXT, ASS_LOC_TXT, ASS_LVL_COD_TXT, ASS_MANUFACTURER_TXT, ASS_MODEL_NR_TXT, ASS_SERIAL_NR_TXT, HVC_CAP_KW, HVC_CAP_TR",,Level: Ascending; Type Mark: Ascending,Level,,"ASS_EQUIPMENT_TAG_TXT=Mark, ASS_ID_TXT=Mark, ASS_LOC_TXT=Level, ASS_LVL_COD_TXT=Level, ASS_MANUFACTURER_TXT=Manufacturer, ASS_MODEL_NR_TXT=Model, ASS_SERIAL_NR_TXT=Serial Number, HVC_CAP_KW=Cooling Capacity, HVC_CAP_TR=Cooling Capacity",,,
FM_Revit,Facilities,Pipe Schedule,Pipes,,,"ASS_ID_TXT, ASS_TAG_1_TXT, PLM_PPE_LENGTH_M, PLM_PPE_NOMINAL_SZ_INCH_NR, PLM_PPE_SZ_MM",,Level: Ascending; Type Mark: Ascending,Level,,"ASS_ID_TXT=Mark, ASS_TAG_1_TXT=Type Mark, PLM_PPE_LENGTH_M=Length, PLM_PPE_NOMINAL_SZ_INCH_NR=Nominal Diameter, PLM_PPE_SZ_MM=Size",,,
FM_Revit,Facilities,Plumbing Fixture Schedule,Plumbing Fixtures,,,"ASS_ID_TXT, ASS_LOC_TXT, ASS_LVL_COD_TXT, ASS_MANUFACTURER_TXT, ASS_MODEL_NR_TXT, ASS_TAG_1_TXT, BLE_ROOM_NUMBER_TXT, PLM_PPE_SZ_MM",,Level: Ascending; Type Mark: Ascending,Level,,"ASS_ID_TXT=Mark, ASS_LOC_TXT=Level, ASS_LVL_COD_TXT=Level, ASS_MANUFACTURER_TXT=Manufacturer, ASS_MODEL_NR_TXT=Model, ASS_TAG_1_TXT=Type Mark, BLE_ROOM_NUMBER_TXT=Number, PLM_PPE_SZ_MM=Size",,,
FM_Revit,Facilities,Revit Category,Generic Models,,,BLE_ROOF_SLOPE_DEG,,Level: Ascending; Type Mark: Ascending,Level,,BLE_ROOF_SLOPE_DEG=Slope,,,
FM_Revit,Facilities,Roof Schedule,Roofs,,,"ASS_ID_TXT, ASS_TAG_1_TXT, BLE_ROOF_SLOPE_DEG",,Level: Ascending; Type Mark: Ascending,Level,,"ASS_ID_TXT=Mark, ASS_TAG_1_TXT=Type Mark, BLE_ROOF_SLOPE_DEG=Slope",,,
FM_Revit,Facilities,Room Data Schedule,Rooms,,,"ASS_LVL_COD_TXT, ASS_ROOM_AREA_SQ_M, ASS_ROOM_VOLUME_CU_M, ASS_ZONE_TXT, BLE_CEILING_HEIGHT_MM, BLE_ROOM_NAME_TXT, BLE_ROOM_NUMBER_TXT",Level: (not equals) <None>,Level: Ascending; Number: Ascending,Level,ASS_ROOM_AREA_SQ_M: SUM; ASS_ROOM_VOLUME_CU_M: SUM,"ASS_LVL_COD_TXT=Level, ASS_ROOM_AREA_SQ_M=Area, ASS_ROOM_VOLUME_CU_M=Volume, ASS_ZONE_TXT=Zone, BLE_CEILING_HEIGHT_MM=Height Offset From Level, BLE_ROOM_NAME_TXT=Name, BLE_ROOM_NUMBER_TXT=Number",,,
FM_Revit,Facilities,Stair Schedule,Stairs,,,"ASS_ID_TXT, ASS_LOC_TXT, ASS_TAG_1_TXT, BLE_STAIR_GOING_MM, BLE_STAIR_RISE_MM, BLE_STAIR_WIDTH_MM",,Level: Ascending; Type Mark: Ascending,Level,,"ASS_ID_TXT=Mark, ASS_LOC_TXT=Level, ASS_TAG_1_TXT=Type Mark, BLE_STAIR_GOING_MM=Actual Tread Depth, BLE_STAIR_RISE_MM=Actual Riser Height, BLE_STAIR_WIDTH_MM=Actual Run Width",,,
FM_Revit,Facilities,Structural Schedule,Structural Framing,,,"ASS_ID_TXT, ASS_LOC_TXT, ASS_LVL_COD_TXT, ASS_TAG_1_TXT, BLE_STRUCT_ELE_TYPE_TXT",,Level: Ascending; Type Mark: Ascending,Level,,"ASS_ID_TXT=Mark, ASS_LOC_TXT=Level, ASS_LVL_COD_TXT=Level, ASS_TAG_1_TXT=Type Mark, BLE_STRUCT_ELE_TYPE_TXT=Type Name",,,
FM_Revit,Facilities,Supplier Schedule,Generic Models,,,"ASS_DESCRIPTION_TXT, ASS_ID_TXT, ASS_TAG_1_TXT",,Level: Ascending; Type Mark: Ascending,Level,,"ASS_DESCRIPTION_TXT=Description, ASS_ID_TXT=Mark, ASS_TAG_1_TXT=Type Mark",,,
FM_Revit,Facilities,Support Schedule,Pipe Accessories,,,"ASS_ID_TXT, ASS_LOC_TXT, ASS_MANUFACTURER_TXT, ASS_TAG_1_TXT",,Level: Ascending; Type Mark: Ascending,Level,,"ASS_ID_TXT=Mark, ASS_LOC_TXT=Level, ASS_MANUFACTURER_TXT=Manufacturer, ASS_TAG_1_TXT=Type Mark",,,
FM_Revit,Facilities,Sustainability Schedule,Rooms,,,"ASS_DESCRIPTION_TXT, ASS_ID_TXT, ASS_TAG_1_TXT",Level: (not equals) <None>,Level: Ascending; Number: Ascending,Level,,"ASS_DESCRIPTION_TXT=Description, ASS_ID_TXT=Mark, ASS_TAG_1_TXT=Type Mark",,,
FM_Revit,Facilities,Thermal Performance,Rooms,,,"ASS_DESCRIPTION_TXT, ASS_ID_TXT, ASS_TAG_1_TXT",Level: (not equals) <None>,Level: Ascending; Number: Ascending,Level,,"ASS_DESCRIPTION_TXT=Description, ASS_ID_TXT=Mark, ASS_TAG_1_TXT=Type Mark",,,
FM_Revit,Facilities,Valve Schedule,Pipe Accessories,,,"ASS_ID_TXT, ASS_LOC_TXT, ASS_MANUFACTURER_TXT, ASS_MODEL_NR_TXT, ASS_TAG_1_TXT, PLM_PPE_SZ_MM, PLM_VLV_BODY_MAT_TXT",,Level: Ascending; Type Mark: Ascending,Level,,"ASS_ID_TXT=Mark, ASS_LOC_TXT=Level, ASS_MANUFACTURER_TXT=Manufacturer, ASS_MODEL_NR_TXT=Model, ASS_TAG_1_TXT=Type Mark, PLM_PPE_SZ_MM=Size, PLM_VLV_BODY_MAT_TXT=Type Name",,,
FM_Revit,Facilities,Wall Schedule,Walls,,,"ASS_ID_TXT, ASS_TAG_1_TXT, BLE_WALL_HEIGHT_MM, BLE_WALL_LENGTH_MM, BLE_WALL_THICKNESS_MM, FLS_PROT_FLS_RESISTANCE_RATING_MINUTES_MIN",,Level: Ascending; Type Mark: Ascending,Level,,"ASS_ID_TXT=Mark, ASS_TAG_1_TXT=Type Mark, BLE_WALL_HEIGHT_MM=Unconnected Height, BLE_WALL_LENGTH_MM=Length, BLE_WALL_THICKNESS_MM=Width, FLS_PROT_FLS_RESISTANCE_RATING_MINUTES_MIN=Fire Rating",,,
FM_Revit,Facilities,Water Heater Schedule,Plumbing Fixtures,,,"ASS_EQUIPMENT_TAG_TXT, ASS_ID_TXT, ASS_LOC_TXT, ASS_MANUFACTURER_TXT, ASS_MODEL_NR_TXT, ASS_SERIAL_NR_TXT",,Level: Ascending; Type Mark: Ascending,Level,,"ASS_EQUIPMENT_TAG_TXT=Mark, ASS_ID_TXT=Mark, ASS_LOC_TXT=Level, ASS_MANUFACTURER_TXT=Manufacturer, ASS_MODEL_NR_TXT=Model, ASS_SERIAL_NR_TXT=Serial Number",,,
FM_Revit,Facilities,Window Schedule,Windows,,,"ASS_ID_TXT, ASS_TAG_1_TXT, BLE_ROOM_NUMBER_TXT, BLE_WINDOW_HEIGHT_MM, BLE_WINDOW_SILL_HEIGHT_FROM_FLR_MM, BLE_WINDOW_WIDTH_MM",,Level: Ascending; Type Mark: Ascending,Level,,"ASS_ID_TXT=Mark, ASS_TAG_1_TXT=Type Mark, BLE_ROOM_NUMBER_TXT=Number, BLE_WINDOW_HEIGHT_MM=Height, BLE_WINDOW_SILL_HEIGHT_FROM_FLR_MM=Sill Height, BLE_WINDOW_WIDTH_MM=Width",,,
MEP_Mechanical,Mechanical,Ass_Equipment_Tag_Txt,Generic Models,,,COM_BMS_RANGE_TXT,System Type: (has a value),Level: Ascending; Type Mark: Ascending,System Type,,,,,
MEP_Mechanical,Mechanical,Bms Equipment,Mechanical Equipment,,,"ASS_ID_TXT, COM_C_DEV_TYPE_TXT, ASS_LOC_TXT, COM_C_DEV_CONTROLLER_NAME_TXT, COM_C_DEV_BACNET_INSTANCE_INT, COM_C_PROTOCOL_TXT, COM_C_NETWORK_ADDRESS_TXT, ASS_MANUFACTURER_TXT, ASS_MODEL_NR_TXT, PRJ_COMMENTS_TXT",System Type: (has a value),Level: Ascending; Type Mark: Ascending,System Type,,"ASS_ID_TXT=Mark, ASS_LOC_TXT=Level, ASS_MANUFACTURER_TXT=Manufacturer, ASS_MODEL_NR_TXT=Model, PRJ_COMMENTS_TXT=Comments",,,
MEP_Mechanical,Mechanical,Bms Points,Mechanical Equipment,,,"COM_C_DEV_TYPE_TXT, COM_C_DEV_CONTROLLER_NAME_TXT, COM_BMS_RANGE_TXT, COM_C_MEASUREMENT_RANGE_TXT, PRJ_COMMENTS_TXT",System Type: (has a value),Level: Ascending; Type Mark: Ascending,System Type,,PRJ_COMMENTS_TXT=Comments,,,
MEP_Mechanical,Mechanical,Bms Sequences,Mechanical Equipment,,,"COM_C_DEV_TYPE_TXT, COM_C_MEASUREMENT_RANGE_TXT, PRJ_COMMENTS_TXT",System Type: (has a value),Level: Ascending; Type Mark: Ascending,System Type,,PRJ_COMMENTS_TXT=Comments,,,
MEP_Mechanical,Mechanical,Data Equipment,Electrical Equipment,,,"ASS_ID_TXT, COM_C_DEV_TYPE_TXT, ASS_LOC_TXT, COM_C_PWR_SUPPLY_V, COM_C_NETWORK_ADDRESS_TXT, COM_C_PROTOCOL_TXT, ASS_MANUFACTURER_TXT, ASS_MODEL_NR_TXT, PRJ_COMMENTS_TXT",System Type: (has a value),Level: Ascending; Type Mark: Ascending,System Type,,"ASS_ID_TXT=Mark, ASS_LOC_TXT=Level, ASS_MANUFACTURER_TXT=Manufacturer, ASS_MODEL_NR_TXT=Model, PRJ_COMMENTS_TXT=Comments",,,
MEP_Mechanical,Mechanical,Duct Schedule,Ducts,,,"ASS_ID_TXT, ASS_SYSTEM_TYPE_TXT, HVC_DCT_PROPERTY_TXT, HVC_DCT_EQUIVALENT_DIAMETER_IN, HVC_DUCT_AREA_SQ_M, HVC_DUCT_FLOWRATE_M3H, HVC_VEL_MPS, HVC_DCT_MAT_TXT, HVC_DUCT_LINING_TXT, HVC_DUCT_CLASS_TXT, PRJ_COMMENTS_TXT",System Type: (has a value),Level: Ascending; Type Mark: Ascending,System Type,,"ASS_ID_TXT=Mark, ASS_SYSTEM_TYPE_TXT=System Name, HVC_DUCT_FLOWRATE_M3H=Flow, HVC_VEL_MPS=Velocity, PRJ_COMMENTS_TXT=Comments",,,
MEP_Mechanical,Mechanical,Equipment Summary,Mechanical Equipment,,,"ASS_EQUIPMENT_TAG_TXT, ASS_SYSTEM_TYPE_TXT, ASS_LOC_TXT, HVC_CAP_KW, HVC_PWR_KW, ASS_MANUFACTURER_TXT, ASS_STATUS_TXT, PRJ_COMMENTS_TXT",System Type: (has a value),Level: Ascending; Type Mark: Ascending,System Type,,"ASS_EQUIPMENT_TAG_TXT=Mark, ASS_LOC_TXT=Level, ASS_MANUFACTURER_TXT=Manufacturer, ASS_SYSTEM_TYPE_TXT=System Name, HVC_CAP_KW=Cooling Capacity, PRJ_COMMENTS_TXT=Comments",,,
MEP_Mechanical,Mechanical,Fire Detection,Fire Alarm Devices,,,"ASS_ID_TXT, FLS_SFTY_DEV_TYPE_TXT, ASS_LOC_TXT, FLS_SFTY_DEV_ZONE_TXT, FLS_SFTY_DEV_LOOP_TXT, FLS_SFTY_DEV_ADDRESS_TXT, FLS_SFTY_DEV_DETECTOR_SENSITIVITY_TXT, FLS_SFTY_COVERAGE_AREA_SQ_M, ASS_MANUFACTURER_TXT, ASS_MODEL_NR_TXT, PRJ_COMMENTS_TXT",System Type: (has a value),Level: Ascending; Type Mark: Ascending,System Type,,"ASS_ID_TXT=Mark, ASS_LOC_TXT=Level, ASS_MANUFACTURER_TXT=Manufacturer, ASS_MODEL_NR_TXT=Model, PRJ_COMMENTS_TXT=Comments",,,
MEP_Mechanical,Mechanical,Fire Fighting Schedule,Mechanical Equipment,,,"ASS_ID_TXT, ASS_EQUIPMENT_TAG_TXT, ASS_LOC_TXT, FLS_SFTY_FLW_RATE_LPM_NR, FLS_SFTY_COVERAGE_AREA_SQ_M, ASS_MANUFACTURER_TXT, ASS_MODEL_NR_TXT, ASS_STATUS_TXT, PRJ_COMMENTS_TXT",System Type: (has a value),Level: Ascending; Type Mark: Ascending,System Type,,"ASS_EQUIPMENT_TAG_TXT=Mark, ASS_ID_TXT=Mark, ASS_LOC_TXT=Level, ASS_MANUFACTURER_TXT=Manufacturer, ASS_MODEL_NR_TXT=Model, PRJ_COMMENTS_TXT=Comments",,,
MEP_Mechanical,Mechanical,Hvac Equipment,Mechanical Equipment,,,"ASS_ID_TXT, ASS_EQUIPMENT_TAG_TXT, HVC_CONTROL_TYPE_TXT, ASS_LOC_TXT, HVC_CAP_KW, HVC_CAP_TR, HVC_DCT_FLW_CFM, HVC_PWR_KW, HVC_VLT_V, HVC_REFRIGERANT_TXT, HVC_CONTROL_TYPE_TXT, HVC_EFF_RATIO_NR, ASS_MANUFACTURER_TXT, ASS_MODEL_NR_TXT, ASS_STATUS_TXT, PRJ_COMMENTS_TXT",System Type: (has a value),Level: Ascending; Type Mark: Ascending,System Type,,"ASS_EQUIPMENT_TAG_TXT=Mark, ASS_ID_TXT=Mark, ASS_LOC_TXT=Level, ASS_MANUFACTURER_TXT=Manufacturer, ASS_MODEL_NR_TXT=Model, HVC_CAP_KW=Cooling Capacity, HVC_CAP_TR=Cooling Capacity, HVC_DCT_FLW_CFM=Flow, PRJ_COMMENTS_TXT=Comments",,,
MEP_Mechanical,Mechanical,Hvac Pipe Schedule,Pipes,,,"ASS_ID_TXT, ASS_SYSTEM_TYPE_TXT, PLM_PPE_NOMINAL_SZ_INCH_NR, PLM_PPE_MAT_TXT, HVC_PIPE_FLOWRATE_LPS, HVC_VEL_MPS, HVC_PIPE_PRESSURE_KPA, HVC_DCT_MAT_TXT, HVC_PIPE_LENGTH_M, PRJ_COMMENTS_TXT",System Type: (has a value),Level: Ascending; Type Mark: Ascending,System Type,,"ASS_ID_TXT=Mark, ASS_SYSTEM_TYPE_TXT=System Name, HVC_PIPE_FLOWRATE_LPS=Flow, HVC_PIPE_LENGTH_M=Length, HVC_PIPE_PRESSURE_KPA=Pressure, HVC_VEL_MPS=Velocity, PLM_PPE_NOMINAL_SZ_INCH_NR=Nominal Diameter, PRJ_COMMENTS_TXT=Comments",,,
MEP_Mechanical,Mechanical,Network Schedule,Electrical Equipment,,,"COM_C_DEV_TYPE_TXT, CBL_TYPE_TXT, PRJ_COMMENTS_TXT",System Type: (has a value),Level: Ascending; Type Mark: Ascending,System Type,,PRJ_COMMENTS_TXT=Comments,,,
MEP_Mechanical,Mechanical,Sprinkler Schedule,Sprinklers,,,"ASS_ID_TXT, FLS_PROT_SPRINKLER_HED_TYPE_TXT, ASS_LOC_TXT, FLS_SFTY_TEMP_RATING_C, FLS_SFTY_COVERAGE_AREA_SQ_M, FLS_SFTY_FLW_RATE_LPM_NR, FLS_PROT_CORROSION_PROT_LVL_NR, ASS_MANUFACTURER_TXT, ASS_MODEL_NR_TXT, PRJ_COMMENTS_TXT",System Type: (has a value),Level: Ascending; Type Mark: Ascending,System Type,,"ASS_ID_TXT=Mark, ASS_LOC_TXT=Level, ASS_MANUFACTURER_TXT=Manufacturer, ASS_MODEL_NR_TXT=Model, PRJ_COMMENTS_TXT=Comments",,,
MEP_Mechanical,Mechanical,Terminal Schedule,Air Terminals,,,"ASS_ID_TXT, HVC_DCT_TERMINAL_TYPE_SD_RG_EG_VAV_TXT, ASS_LOC_TXT, HVC_DCT_TERMINAL_SZ_TXT, HVC_DCT_FLW_CFM, HVC_DCT_SOUNDLVL_DB, HVC_TERMINAL_PATTERN_TXT, HVC_TERMINAL_DAMPER_TXT, HVC_TERMINAL_MAT_TXT, HVC_TERMINAL_FINISH_TXT, ASS_MANUFACTURER_TXT, ASS_MODEL_NR_TXT, PRJ_COMMENTS_TXT",System Type: (has a value),Level: Ascending; Type Mark: Ascending,System Type,,"ASS_ID_TXT=Mark, ASS_LOC_TXT=Level, ASS_MANUFACTURER_TXT=Manufacturer, ASS_MODEL_NR_TXT=Model, HVC_DCT_FLW_CFM=Flow, PRJ_COMMENTS_TXT=Comments",,,
MEP_Plumbing,Plumbing,Ass_Equipment_Tag_Txt,Generic Models,,,PLM_ACC_CONNECTION_TYPE_TXT,System Type: (has a value),Level: Ascending; Type Mark: Ascending,System Type,,,,,
MEP_Plumbing,Plumbing,Drainage Fittings,Pipe Fittings,,,"ASS_ID_TXT, PLM_DRN_TOP_TYPE_TXT, PLM_DRN_TRAP_SEAL_DEPTH_MM, PLM_DRN_BODY_MAT_TXT, PLM_DRN_FITTING_INST_DETAIL_NR, PLM_DRN_FITTING_ACCESS_PROVISION_TXT, ASS_MANUFACTURER_TXT, PRJ_COMMENTS_TXT",System Type: (has a value),Level: Ascending; Type Mark: Ascending,System Type,,"ASS_ID_TXT=Mark, ASS_MANUFACTURER_TXT=Manufacturer, PRJ_COMMENTS_TXT=Comments",,,
MEP_Plumbing,Plumbing,Drainage System,Pipes,,,"ASS_ID_TXT, PLM_DRN_TOP_TYPE_TXT, PLM_DRN_ACCESS_POINTS_TXT, PLM_DRN_TRAP_SEAL_DEPTH_MM, PLM_DRN_BODY_MAT_TXT, PLM_DRN_PPE_SLOPE_PCT, PLM_DRN_PPE_LENGTH_M, PLM_DRN_FLW_RATE_LPS, PLM_DRN_FILL_RATIO_NR, PLM_DRN_VEL_MPS, PLM_DRN_CLEANOUT_LOCS_TXT, PLM_DRN_BKWTR_VALVE_TXT, PRJ_COMMENTS_TXT",System Type: (has a value),Level: Ascending; Type Mark: Ascending,System Type,,"ASS_ID_TXT=Mark, PRJ_COMMENTS_TXT=Comments",,,
MEP_Plumbing,Plumbing,Expansion Joint Schedule,Pipe Accessories,,,"ASS_ID_TXT, PLM_EXJ_MOVEMENT_CAPABILITY_TXT, PLM_EXJ_END_CONNECTION_TXT, PLM_EXJ_AXIAL_MOVEMENT_MM, PLM_EXJ_LATERAL_MOVEMENT_MM, PLM_EXJ_ANGULAR_MOVEMENT_DEG, PLM_EXP_JOINT_MAT_TXT, PLM_EXP_JOINT_END_CONNECTION_TXT, PLM_EXP_JOINT_PRESSURE_RATING_BAR, ASS_MANUFACTURER_TXT, PRJ_COMMENTS_TXT",System Type: (has a value),Level: Ascending; Type Mark: Ascending,System Type,,"ASS_ID_TXT=Mark, ASS_MANUFACTURER_TXT=Manufacturer, PRJ_COMMENTS_TXT=Comments",,,
MEP_Plumbing,Plumbing,Floor Roof Drains,Plumbing Fixtures,,,"ASS_ID_TXT, PLM_DRN_TOP_TYPE_TXT, ASS_LOC_TXT, PLM_DRN_TRAP_SEAL_DEPTH_MM, PLM_DRN_GRT_TYPE_TXT, PLM_DRN_BODY_MAT_TXT, PLM_DRN_GRT_MAT_TXT, PLM_DRN_FLW_RATE_LPS, PLM_DRN_TRAP_TYPE_TXT, ASS_MANUFACTURER_TXT, PRJ_COMMENTS_TXT",System Type: (has a value),Level: Ascending; Type Mark: Ascending,System Type,,"ASS_ID_TXT=Mark, ASS_LOC_TXT=Level, ASS_MANUFACTURER_TXT=Manufacturer, PRJ_COMMENTS_TXT=Comments",,,
MEP_Plumbing,Plumbing,Gasket Seal Schedule,Pipe Accessories,,,"ASS_ID_TXT, PLM_GSK_SZ_DIMENSION_TXT, PLM_EXJ_TEMP_RANGE_C, PLM_PPE_PSR_RATING_BAR, PLM_GASKET_THICKNESS_MM, ASS_MANUFACTURER_TXT, PRJ_COMMENTS_TXT",System Type: (has a value),Level: Ascending; Type Mark: Ascending,System Type,,"ASS_ID_TXT=Mark, ASS_MANUFACTURER_TXT=Manufacturer, PRJ_COMMENTS_TXT=Comments",,,
MEP_Plumbing,Plumbing,Hot Water System,Plumbing Fixtures,,,"ASS_ID_TXT, PLM_HOTWTR_HEATER_EFF_PCT, ASS_LOC_TXT, PLM_HOTWTR_INPUT_PWR_KW, PLM_HOTWTR_STORAGE_CAP_GAL_NR, PLM_HOTWTR_TEMP_C, PLM_HOTWTR_RECOVERY_RATE_GPH, PLM_HOTWTR_FUEL_TYPE_TXT, ASS_MANUFACTURER_TXT, ASS_MODEL_NR_TXT, PRJ_COMMENTS_TXT",System Type: (has a value),Level: Ascending; Type Mark: Ascending,System Type,,"ASS_ID_TXT=Mark, ASS_LOC_TXT=Level, ASS_MANUFACTURER_TXT=Manufacturer, ASS_MODEL_NR_TXT=Model, PRJ_COMMENTS_TXT=Comments",,,
MEP_Plumbing,Plumbing,Insulation Schedule,Pipe Accessories,,,"ASS_ID_TXT, PLM_INS_SPECIFICATION_TXT, PLM_INS_THICKNESS_MM, PLM_INS_K_VALUE, ASS_MANUFACTURER_TXT, PRJ_COMMENTS_TXT",System Type: (has a value),Level: Ascending; Type Mark: Ascending,System Type,,"ASS_ID_TXT=Mark, ASS_MANUFACTURER_TXT=Manufacturer, PRJ_COMMENTS_TXT=Comments",,,
MEP_Plumbing,Plumbing,Pipe Fittings,Pipe Fittings,,,"ASS_ID_TXT, PLM_DRN_TOP_TYPE_TXT, PLM_DRN_TRAP_SEAL_DEPTH_MM, PLM_DRN_BODY_MAT_TXT, PLM_DRN_FITTING_CONNECTION_TYPE_TXT, PLM_DRN_FITTING_INST_DETAIL_NR, PLM_DRN_FITTING_INLET_COUNT_NR, ASS_MANUFACTURER_TXT, PRJ_COMMENTS_TXT",System Type: (has a value),Level: Ascending; Type Mark: Ascending,System Type,,"ASS_ID_TXT=Mark, ASS_MANUFACTURER_TXT=Manufacturer, PRJ_COMMENTS_TXT=Comments",,,
MEP_Plumbing,Plumbing,Pipe Schedule,Pipes,,,"ASS_ID_TXT, PLM_PPE_PROPERTY_TXT, PLM_PPE_NOMINAL_SZ_INCH_NR, PLM_PPE_SZ_MM, PLM_PPE_MAT_TXT, PLM_PPE_LENGTH_M, PLM_PPE_FLW_LPS, PLM_VEL_MPS, PLM_PPE_PSR_RATING_BAR, PLM_PPE_JOINT_TYPE_TXT, PLM_PPE_INS_THK_MM, PLM_PPE_INS_TYPE_TXT, PLM_SPT_SPACING_M, PRJ_COMMENTS_TXT",System Type: (has a value),Level: Ascending; Type Mark: Ascending,System Type,,"ASS_ID_TXT=Mark, PLM_PPE_LENGTH_M=Length, PLM_PPE_NOMINAL_SZ_INCH_NR=Nominal Diameter, PLM_PPE_SZ_MM=Size, PRJ_COMMENTS_TXT=Comments",,,
MEP_Plumbing,Plumbing,Plumbing Accessories,Plumbing Fixtures,,,"ASS_ID_TXT, PLM_ACC_CONNECTION_TYPE_TXT, ASS_LOC_TXT, PLM_ACC_SZ_DIMENSION_NR, PLM_DRN_BODY_MAT_TXT, PLM_ACC_CONNECTION_SZ_NR, ASS_MANUFACTURER_TXT, PRJ_COMMENTS_TXT",System Type: (has a value),Level: Ascending; Type Mark: Ascending,System Type,,"ASS_ID_TXT=Mark, ASS_LOC_TXT=Level, ASS_MANUFACTURER_TXT=Manufacturer, PRJ_COMMENTS_TXT=Comments",,,
MEP_Plumbing,Plumbing,Plumbing Equipment,Plumbing Fixtures,,,"ASS_ID_TXT, ASS_EQUIPMENT_TAG_TXT, PLM_DRN_BODY_MAT_TXT, ASS_LOC_TXT, PLM_CAP_CU_M, PLM_PPE_FLW_LPS, PLM_PWR_KW, PLM_HED_M, PLM_PSR_KPA, PLM_ACC_CONNECTION_SZ_NR, ASS_MANUFACTURER_TXT, ASS_MODEL_NR_TXT, ASS_STATUS_TXT, PRJ_COMMENTS_TXT",System Type: (has a value),Level: Ascending; Type Mark: Ascending,System Type,,"ASS_EQUIPMENT_TAG_TXT=Mark, ASS_ID_TXT=Mark, ASS_LOC_TXT=Level, ASS_MANUFACTURER_TXT=Manufacturer, ASS_MODEL_NR_TXT=Model, PRJ_COMMENTS_TXT=Comments",,,
MEP_Plumbing,Plumbing,Strainer Filter Schedule,Pipe Accessories,,,"ASS_ID_TXT, PLM_STR_STYLE_TXT, PLM_STR_MESH_SZ_MICRON_TXT, PLM_STR_SCREEN_MAT_TXT, PLM_STR_BODY_MAT_TXT, PLM_STRAINER_PRESSURE_RATING_BAR, PLM_STRAINER_END_CONNECTION_TXT, ASS_MANUFACTURER_TXT, PRJ_COMMENTS_TXT",System Type: (has a value),Level: Ascending; Type Mark: Ascending,System Type,,"ASS_ID_TXT=Mark, ASS_MANUFACTURER_TXT=Manufacturer, PRJ_COMMENTS_TXT=Comments",,,
MEP_Plumbing,Plumbing,Support Schedule,Pipe Accessories,,,"ASS_ID_TXT, PLM_SPT_ATTACHMENT_METHOD_TXT, PLM_SPT_SPACING_M, PLM_SPT_LD_CAP_KG, ASS_INST_DETAIL_TXT, PLM_SPT_ROD_SZ_MM, PLM_SPT_ANCHOR_TYPE_TXT, ASS_MANUFACTURER_TXT, PRJ_COMMENTS_TXT",System Type: (has a value),Level: Ascending; Type Mark: Ascending,System Type,,"ASS_ID_TXT=Mark, ASS_MANUFACTURER_TXT=Manufacturer, PRJ_COMMENTS_TXT=Comments",,,
MEP_Plumbing,Plumbing,Valve Schedule,Pipe Accessories,,,"ASS_ID_TXT, PLM_VLV_OPERATOR_TYPE_TXT, PLM_VLV_CV_VALUE_NR, PLM_VLV_BODY_MAT_TXT, PLM_VLV_TRIM_MAT_TXT, PLM_VLV_END_CONNECTION_TXT, PLM_VLV_PSR_CLASS_TXT, PLM_VLV_ACTUATION_TYPE_TXT, PLM_VLV_CV_NR, ASS_MANUFACTURER_TXT, ASS_MODEL_NR_TXT, PRJ_COMMENTS_TXT",System Type: (has a value),Level: Ascending; Type Mark: Ascending,System Type,,"ASS_ID_TXT=Mark, ASS_MANUFACTURER_TXT=Manufacturer, ASS_MODEL_NR_TXT=Model, PLM_VLV_BODY_MAT_TXT=Type Name, PRJ_COMMENTS_TXT=Comments",,,
MEP_Plumbing,Plumbing,Vent System,Pipes,,,"ASS_ID_TXT, PLM_DRN_VNT_CONNECTION_TYPE_TXT, PLM_VNT_SZ_NR, PLM_DRN_VNT_MAT_TXT, PLM_DRN_VNT_TERMINAL_HEIGHT_FT, PLM_DRN_VNT_TERMINAL_LOC_TXT, PLM_VENT_CONNECTED_TO_TXT, PRJ_COMMENTS_TXT",System Type: (has a value),Level: Ascending; Type Mark: Ascending,System Type,,"ASS_ID_TXT=Mark, PRJ_COMMENTS_TXT=Comments",,,
TPL_Schedule_Metadata,Template,Background Image Schedule,Generic Models,,,"BI_FILENAME_TXT, BI_DIMENSIONS_TXT, BI_TOP_COLOR_TXT, BI_BOTTOM_COLOR_TXT, BI_GRADIENT_TYPE_TXT, BI_FILE_LOCATION_TXT, BI_USED_IN_TEMPLATES_TXT, BI_CREATED_DATE_TXT, BI_STATUS_TXT",,Level: Ascending; Type Mark: Ascending,Level,,,,,
TPL_Schedule_Metadata,Template,Bi_Bottom_Color_Txt,Generic Models,,,BI_TOP_COLOR_TXT,,Level: Ascending; Type Mark: Ascending,Level,,,,,
TPL_Schedule_Metadata,Template,Color Palette Schedule,Generic Models,,,"CP_PALETTE_NAME_TXT, CP_ELEMENT_TYPE_TXT, COLOR_R_INT, COLOR_G_INT, COLOR_B_INT, CP_HEX_CODE_TXT, CP_USE_CASE_TXT, CP_STYLE_TXT",,Level: Ascending; Type Mark: Ascending,Level,,,,,
TPL_Schedule_Metadata,Template,Dimension Style Schedule,Generic Models,,,"DS_NAME_TXT, DS_TYPE_TXT, DS_TEXT_SIZE_NR, DS_TEXT_FONT_TXT, DS_TICK_MARK_TXT, DS_TICK_SIZE_NR, DS_UNITS_FORMAT_TXT, DS_PRECISION_TXT, USAGE_TXT",,Level: Ascending; Type Mark: Ascending,Level,,,,,
TPL_Schedule_Metadata,Template,Filter Schedule,Generic Models,,,"FLT_NAME_TXT, FLT_CATEGORIES_TXT, FLT_RULES_TXT, FLT_LINE_COLOR_R_INT, FLT_LINE_COLOR_G_INT, FLT_LINE_COLOR_B_INT, FLT_LINE_WEIGHT_INT, FLT_SURFACE_PATTERN_TXT, FLT_CUT_PATTERN_TXT, FLT_TRANSPARENCY_INT, FLT_USED_IN_TEMPLATES_TXT, FLT_STATUS_TXT",,Level: Ascending; Type Mark: Ascending,Level,,,,,
TPL_Schedule_Metadata,Template,Line Style Schedule,Generic Models,,,"LS_NAME_TXT, LS_WEIGHT_INT, COLOR_R_INT, COLOR_G_INT, COLOR_B_INT, LS_PATTERN_TXT, USAGE_TXT, LS_STATUS_TXT",,Level: Ascending; Type Mark: Ascending,Level,,,,,
TPL_Schedule_Metadata,Template,Master Audit Schedule,Generic Models,,,"MA_ELEMENT_CATEGORY_TXT, MA_ELEMENT_NAME_TXT, MA_TEMPLATE_COMPLIANCE_TXT, MA_LAST_REVIEWED_DATE_TXT, MA_REVIEWED_BY_TXT, MA_ISSUES_FOUND_TXT, MA_ACTION_REQUIRED_TXT, MA_PRIORITY_TXT, MA_STATUS_TXT, MA_NOTES_TXT",,Level: Ascending; Type Mark: Ascending,Level,,,,,
TPL_Schedule_Metadata,Template,Mep System Schedule,Generic Models,,,"SYS_NAME_TXT, SYS_ABBREVIATION_TXT, SYS_CODE_TXT, SYS_CLASSIFICATION_TXT, SYS_MEDIUM_TXT, SYS_TEMPERATURE_NR, SYS_PRESSURE_NR, SYS_DESIGN_VELOCITY_TXT, COLOR_R_INT, COLOR_G_INT, COLOR_B_INT, SYS_LINE_WEIGHT_INT, SYS_LINE_STYLE_TXT, SYS_MATERIAL_STANDARD_TXT, SYS_INSULATION_TYPE_TXT, SYS_APPLICABLE_STANDARDS_TXT",,Level: Ascending; Type Mark: Ascending,Level,,,,,
TPL_Schedule_Metadata,Template,Object Style Schedule,Generic Models,,,"OS_CATEGORY_TXT, OS_SUBCATEGORY_TXT, OS_PROJECTION_WEIGHT_INT, OS_CUT_WEIGHT_INT, COLOR_R_INT, COLOR_G_INT, COLOR_B_INT, OS_PATTERN_TXT, OS_MATERIAL_TXT",,Level: Ascending; Type Mark: Ascending,Level,,,,,
TPL_Schedule_Metadata,Template,Phase Schedule,Generic Models,,,"PH_NAME_TXT, PH_NUMBER_INT, PH_DESCRIPTION_TXT, PH_START_DATE_TXT, PH_END_DATE_TXT, PH_STATUS_TXT, COLOR_R_INT, COLOR_G_INT, COLOR_B_INT",,Level: Ascending; Type Mark: Ascending,Level,,,,,
TPL_Schedule_Metadata,Template,Spare Parameters Schedule,Generic Models,,,"SPARE_PARAM_01_TXT, SPARE_PARAM_02_TXT, SPARE_PARAM_03_TXT, SPARE_PARAM_04_NR, SPARE_PARAM_05_INT",,Level: Ascending; Type Mark: Ascending,Level,,,,,
TPL_Schedule_Metadata,Template,Text Style Schedule,Generic Models,,,"TS_NAME_TXT, TS_FONT_NAME_TXT, TS_FONT_SIZE_NR, TS_BOLD_BOOL, TS_ITALIC_BOOL, TS_UNDERLINE_BOOL, TS_WIDTH_FACTOR_NR, USAGE_TXT, TS_STATUS_TXT",,Level: Ascending; Type Mark: Ascending,Level,,,,,
TPL_Schedule_Metadata,Template,Workset Schedule,Generic Models,,,"WS_NAME_TXT, WS_DISCIPLINE_TXT, WS_TYPE_TXT, WS_OWNER_TXT, WS_DESCRIPTION_TXT, WS_EDITABLE_DEFAULT_BOOL, WS_VISIBLE_DEFAULT_BOOL",,Level: Ascending; Type Mark: Ascending,Level,,,,,
